// Validating benchmarks:
// ***** BenchmarkRunner: Start   *****
// ***** Found 6 benchmark(s) in total *****
// ***** Building 1 exe(s) in Parallel: Start   *****
// start dotnet  restore /p:UseSharedCompilation=false /p:BuildInParallel=false /m:1 /p:Deterministic=true /p:Optimize=true /p:IntermediateOutputPath="C:\Users\abcd2\OneDrive\Desktop\7-SEM-HIEU\lab_04\Benchmark\bin\Release\net8.0\264af6b0-4445-47ff-bc1d-1c6078a98047\obj\Release\net8.0/" /p:OutDir="C:\Users\abcd2\OneDrive\Desktop\7-SEM-HIEU\lab_04\Benchmark\bin\Release\net8.0\264af6b0-4445-47ff-bc1d-1c6078a98047\bin\Release\net8.0/" /p:OutputPath="C:\Users\abcd2\OneDrive\Desktop\7-SEM-HIEU\lab_04\Benchmark\bin\Release\net8.0\264af6b0-4445-47ff-bc1d-1c6078a98047\bin\Release\net8.0/" in C:\Users\abcd2\OneDrive\Desktop\7-SEM-HIEU\lab_04\Benchmark\bin\Release\net8.0\264af6b0-4445-47ff-bc1d-1c6078a98047
// command took 3.29 sec and exited with 0
// start dotnet  build -c Release --no-restore /p:UseSharedCompilation=false /p:BuildInParallel=false /m:1 /p:Deterministic=true /p:Optimize=true /p:IntermediateOutputPath="C:\Users\abcd2\OneDrive\Desktop\7-SEM-HIEU\lab_04\Benchmark\bin\Release\net8.0\264af6b0-4445-47ff-bc1d-1c6078a98047\obj\Release\net8.0/" /p:OutDir="C:\Users\abcd2\OneDrive\Desktop\7-SEM-HIEU\lab_04\Benchmark\bin\Release\net8.0\264af6b0-4445-47ff-bc1d-1c6078a98047\bin\Release\net8.0/" /p:OutputPath="C:\Users\abcd2\OneDrive\Desktop\7-SEM-HIEU\lab_04\Benchmark\bin\Release\net8.0\264af6b0-4445-47ff-bc1d-1c6078a98047\bin\Release\net8.0/" --output "C:\Users\abcd2\OneDrive\Desktop\7-SEM-HIEU\lab_04\Benchmark\bin\Release\net8.0\264af6b0-4445-47ff-bc1d-1c6078a98047\bin\Release\net8.0/" in C:\Users\abcd2\OneDrive\Desktop\7-SEM-HIEU\lab_04\Benchmark\bin\Release\net8.0\264af6b0-4445-47ff-bc1d-1c6078a98047
// command took 7.93 sec and exited with 0
// ***** Done, took 00:00:11 (11.53 sec)   *****
// Found 6 benchmarks:
//   Compare.NpgslInsert: Job-OVQBKV(IterationCount=100, LaunchCount=1)
//   Compare.NpgslSelect: Job-OVQBKV(IterationCount=100, LaunchCount=1)
//   Compare.DapperInsert: Job-OVQBKV(IterationCount=100, LaunchCount=1)
//   Compare.DapperSelect: Job-OVQBKV(IterationCount=100, LaunchCount=1)
//   Compare.EfCoreSelect: Job-OVQBKV(IterationCount=100, LaunchCount=1)
//   Compare.EfCoreInsert: Job-OVQBKV(IterationCount=100, LaunchCount=1)

Setup power plan (GUID: 8c5e7fda-e8bf-4a96-9a85-a6e23a8c635c FriendlyName: High performance)
// **************************
// Benchmark: Compare.NpgslInsert: Job-OVQBKV(IterationCount=100, LaunchCount=1)
// *** Execute ***
// Launch: 1 / 1
// Execute: dotnet 264af6b0-4445-47ff-bc1d-1c6078a98047.dll --anonymousPipes 604 596 --benchmarkName Benchmark.Compare.Compare.NpgslInsert --job "IterationCount=100, LaunchCount=1" --benchmarkId 0 in C:\Users\abcd2\OneDrive\Desktop\7-SEM-HIEU\lab_04\Benchmark\bin\Release\net8.0\264af6b0-4445-47ff-bc1d-1c6078a98047\bin\Release\net8.0
// BeforeAnythingElse

// Benchmark Process Environment Information:
// BenchmarkDotNet v0.14.0
// Runtime=.NET 8.0.8 (8.0.824.36612), X64 RyuJIT AVX-512F+CD+BW+DQ+VL+VBMI
// GC=Concurrent Workstation
// HardwareIntrinsics=AVX-512F+CD+BW+DQ+VL+VBMI,AES,BMI1,BMI2,FMA,LZCNT,PCLMUL,POPCNT VectorSize=256
// Job: Job-OQTQME(IterationCount=100, LaunchCount=1)

[testcontainers.org 00:00:00.40] Connected to Docker:
  Host: npipe://./pipe/docker_engine
  Server Version: 26.1.4
  Kernel Version: 5.15.153.1-microsoft-standard-WSL2
  API Version: 1.45
  Operating System: Docker Desktop
  Total Memory: 3.76 GB
  Labels: 
    com.docker.desktop.address=npipe://\\.\pipe\docker_cli
[testcontainers.org 00:00:00.69] Docker container 425b932e7f2a created
[testcontainers.org 00:00:00.80] Start Docker container 425b932e7f2a
[testcontainers.org 00:00:02.96] Wait for Docker container 425b932e7f2a to complete readiness checks
[testcontainers.org 00:00:02.97] Docker container 425b932e7f2a ready
[testcontainers.org 00:00:03.06] Docker container 38ce5c2762f6 created
[testcontainers.org 00:00:03.09] Start Docker container 38ce5c2762f6
[testcontainers.org 00:00:04.45] Wait for Docker container 38ce5c2762f6 to complete readiness checks
[testcontainers.org 00:00:04.47] Execute "pg_isready --host localhost --dbname BENCHMARK_testdb --username postgres" at Docker container 38ce5c2762f6
[testcontainers.org 00:00:05.64] Execute "pg_isready --host localhost --dbname BENCHMARK_testdb --username postgres" at Docker container 38ce5c2762f6
[testcontainers.org 00:00:05.72] Docker container 38ce5c2762f6 ready
OverheadJitting  1: 1 op, 251900.00 ns, 251.9000 us/op
WorkloadJitting  1: 1 op, 25103400.00 ns, 25.1034 ms/op

OverheadJitting  2: 16 op, 177400.00 ns, 11.0875 us/op
WorkloadJitting  2: 16 op, 13432900.00 ns, 839.5563 us/op

WorkloadPilot    1: 16 op, 16938300.00 ns, 1.0586 ms/op
WorkloadPilot    2: 32 op, 28644900.00 ns, 895.1531 us/op
WorkloadPilot    3: 64 op, 51415900.00 ns, 803.3734 us/op
WorkloadPilot    4: 128 op, 118183600.00 ns, 923.3094 us/op
WorkloadPilot    5: 256 op, 234833800.00 ns, 917.3195 us/op
WorkloadPilot    6: 512 op, 428376600.00 ns, 836.6730 us/op
WorkloadPilot    7: 1024 op, 794297100.00 ns, 775.6808 us/op

OverheadWarmup   1: 1024 op, 7300.00 ns, 7.1289 ns/op
OverheadWarmup   2: 1024 op, 3900.00 ns, 3.8086 ns/op
OverheadWarmup   3: 1024 op, 3700.00 ns, 3.6133 ns/op
OverheadWarmup   4: 1024 op, 3800.00 ns, 3.7109 ns/op
OverheadWarmup   5: 1024 op, 3700.00 ns, 3.6133 ns/op
OverheadWarmup   6: 1024 op, 3600.00 ns, 3.5156 ns/op
OverheadWarmup   7: 1024 op, 3700.00 ns, 3.6133 ns/op
OverheadWarmup   8: 1024 op, 4100.00 ns, 4.0039 ns/op
OverheadWarmup   9: 1024 op, 3800.00 ns, 3.7109 ns/op

OverheadActual   1: 1024 op, 3900.00 ns, 3.8086 ns/op
OverheadActual   2: 1024 op, 4300.00 ns, 4.1992 ns/op
OverheadActual   3: 1024 op, 4000.00 ns, 3.9063 ns/op
OverheadActual   4: 1024 op, 4700.00 ns, 4.5898 ns/op
OverheadActual   5: 1024 op, 4400.00 ns, 4.2969 ns/op
OverheadActual   6: 1024 op, 3900.00 ns, 3.8086 ns/op
OverheadActual   7: 1024 op, 4900.00 ns, 4.7852 ns/op
OverheadActual   8: 1024 op, 3900.00 ns, 3.8086 ns/op
OverheadActual   9: 1024 op, 4400.00 ns, 4.2969 ns/op
OverheadActual  10: 1024 op, 4000.00 ns, 3.9063 ns/op
OverheadActual  11: 1024 op, 3700.00 ns, 3.6133 ns/op
OverheadActual  12: 1024 op, 3700.00 ns, 3.6133 ns/op
OverheadActual  13: 1024 op, 3700.00 ns, 3.6133 ns/op
OverheadActual  14: 1024 op, 4200.00 ns, 4.1016 ns/op
OverheadActual  15: 1024 op, 3800.00 ns, 3.7109 ns/op
OverheadActual  16: 1024 op, 3700.00 ns, 3.6133 ns/op
OverheadActual  17: 1024 op, 4800.00 ns, 4.6875 ns/op
OverheadActual  18: 1024 op, 4300.00 ns, 4.1992 ns/op
OverheadActual  19: 1024 op, 3800.00 ns, 3.7109 ns/op
OverheadActual  20: 1024 op, 3500.00 ns, 3.4180 ns/op

WorkloadWarmup   1: 1024 op, 701945400.00 ns, 685.4936 us/op
WorkloadWarmup   2: 1024 op, 818776400.00 ns, 799.5863 us/op
WorkloadWarmup   3: 1024 op, 774274800.00 ns, 756.1277 us/op
WorkloadWarmup   4: 1024 op, 883285500.00 ns, 862.5835 us/op
WorkloadWarmup   5: 1024 op, 755995200.00 ns, 738.2766 us/op
WorkloadWarmup   6: 1024 op, 707224400.00 ns, 690.6488 us/op

// BeforeActualRun
WorkloadActual   1: 1024 op, 698139000.00 ns, 681.7764 us/op
WorkloadActual   2: 1024 op, 635501900.00 ns, 620.6073 us/op
WorkloadActual   3: 1024 op, 596893000.00 ns, 582.9033 us/op
WorkloadActual   4: 1024 op, 589006300.00 ns, 575.2015 us/op
WorkloadActual   5: 1024 op, 597226600.00 ns, 583.2291 us/op
WorkloadActual   6: 1024 op, 603119300.00 ns, 588.9837 us/op
WorkloadActual   7: 1024 op, 608233100.00 ns, 593.9776 us/op
WorkloadActual   8: 1024 op, 652454100.00 ns, 637.1622 us/op
WorkloadActual   9: 1024 op, 614493100.00 ns, 600.0909 us/op
WorkloadActual  10: 1024 op, 589011600.00 ns, 575.2066 us/op
WorkloadActual  11: 1024 op, 544979300.00 ns, 532.2063 us/op
WorkloadActual  12: 1024 op, 583420500.00 ns, 569.7466 us/op
WorkloadActual  13: 1024 op, 596044700.00 ns, 582.0749 us/op
WorkloadActual  14: 1024 op, 596620300.00 ns, 582.6370 us/op
WorkloadActual  15: 1024 op, 593242300.00 ns, 579.3382 us/op
WorkloadActual  16: 1024 op, 631953000.00 ns, 617.1416 us/op
WorkloadActual  17: 1024 op, 611041500.00 ns, 596.7202 us/op
WorkloadActual  18: 1024 op, 573346200.00 ns, 559.9084 us/op
WorkloadActual  19: 1024 op, 597985100.00 ns, 583.9698 us/op
WorkloadActual  20: 1024 op, 642671600.00 ns, 627.6090 us/op
WorkloadActual  21: 1024 op, 584956200.00 ns, 571.2463 us/op
WorkloadActual  22: 1024 op, 623064600.00 ns, 608.4615 us/op
WorkloadActual  23: 1024 op, 601363300.00 ns, 587.2688 us/op
WorkloadActual  24: 1024 op, 681444800.00 ns, 665.4734 us/op
WorkloadActual  25: 1024 op, 603594200.00 ns, 589.4475 us/op
WorkloadActual  26: 1024 op, 589091700.00 ns, 575.2849 us/op
WorkloadActual  27: 1024 op, 586587300.00 ns, 572.8392 us/op
WorkloadActual  28: 1024 op, 594419900.00 ns, 580.4882 us/op
WorkloadActual  29: 1024 op, 591475600.00 ns, 577.6129 us/op
WorkloadActual  30: 1024 op, 619967500.00 ns, 605.4370 us/op
WorkloadActual  31: 1024 op, 586189700.00 ns, 572.4509 us/op
WorkloadActual  32: 1024 op, 682983200.00 ns, 666.9758 us/op
WorkloadActual  33: 1024 op, 602623700.00 ns, 588.4997 us/op
WorkloadActual  34: 1024 op, 588672400.00 ns, 574.8754 us/op
WorkloadActual  35: 1024 op, 615818900.00 ns, 601.3856 us/op
WorkloadActual  36: 1024 op, 627840100.00 ns, 613.1251 us/op
WorkloadActual  37: 1024 op, 592326500.00 ns, 578.4438 us/op
WorkloadActual  38: 1024 op, 607765500.00 ns, 593.5210 us/op
WorkloadActual  39: 1024 op, 591523800.00 ns, 577.6600 us/op
WorkloadActual  40: 1024 op, 599455000.00 ns, 585.4053 us/op
WorkloadActual  41: 1024 op, 596662800.00 ns, 582.6785 us/op
WorkloadActual  42: 1024 op, 598610800.00 ns, 584.5809 us/op
WorkloadActual  43: 1024 op, 593833600.00 ns, 579.9156 us/op
WorkloadActual  44: 1024 op, 578099900.00 ns, 564.5507 us/op
WorkloadActual  45: 1024 op, 592543600.00 ns, 578.6559 us/op
WorkloadActual  46: 1024 op, 616366000.00 ns, 601.9199 us/op
WorkloadActual  47: 1024 op, 610027900.00 ns, 595.7304 us/op
WorkloadActual  48: 1024 op, 631111800.00 ns, 616.3201 us/op
WorkloadActual  49: 1024 op, 600008200.00 ns, 585.9455 us/op
WorkloadActual  50: 1024 op, 652690500.00 ns, 637.3931 us/op
WorkloadActual  51: 1024 op, 605039500.00 ns, 590.8589 us/op
WorkloadActual  52: 1024 op, 613273900.00 ns, 598.9003 us/op
WorkloadActual  53: 1024 op, 630866800.00 ns, 616.0809 us/op
WorkloadActual  54: 1024 op, 618762100.00 ns, 604.2599 us/op
WorkloadActual  55: 1024 op, 583702200.00 ns, 570.0217 us/op
WorkloadActual  56: 1024 op, 611016400.00 ns, 596.6957 us/op
WorkloadActual  57: 1024 op, 594227600.00 ns, 580.3004 us/op
WorkloadActual  58: 1024 op, 586944200.00 ns, 573.1877 us/op
WorkloadActual  59: 1024 op, 620574700.00 ns, 606.0300 us/op
WorkloadActual  60: 1024 op, 596615500.00 ns, 582.6323 us/op
WorkloadActual  61: 1024 op, 604121900.00 ns, 589.9628 us/op
WorkloadActual  62: 1024 op, 608798100.00 ns, 594.5294 us/op
WorkloadActual  63: 1024 op, 598143400.00 ns, 584.1244 us/op
WorkloadActual  64: 1024 op, 617151600.00 ns, 602.6871 us/op
WorkloadActual  65: 1024 op, 602686200.00 ns, 588.5607 us/op
WorkloadActual  66: 1024 op, 610338600.00 ns, 596.0338 us/op
WorkloadActual  67: 1024 op, 587250000.00 ns, 573.4863 us/op
WorkloadActual  68: 1024 op, 592544700.00 ns, 578.6569 us/op
WorkloadActual  69: 1024 op, 632451100.00 ns, 617.6280 us/op
WorkloadActual  70: 1024 op, 591465800.00 ns, 577.6033 us/op
WorkloadActual  71: 1024 op, 601873900.00 ns, 587.7675 us/op
WorkloadActual  72: 1024 op, 597658200.00 ns, 583.6506 us/op
WorkloadActual  73: 1024 op, 582587600.00 ns, 568.9332 us/op
WorkloadActual  74: 1024 op, 610064300.00 ns, 595.7659 us/op
WorkloadActual  75: 1024 op, 590852600.00 ns, 577.0045 us/op
WorkloadActual  76: 1024 op, 603857500.00 ns, 589.7046 us/op
WorkloadActual  77: 1024 op, 607139600.00 ns, 592.9098 us/op
WorkloadActual  78: 1024 op, 588344700.00 ns, 574.5554 us/op
WorkloadActual  79: 1024 op, 604197600.00 ns, 590.0367 us/op
WorkloadActual  80: 1024 op, 575361500.00 ns, 561.8765 us/op
WorkloadActual  81: 1024 op, 651682100.00 ns, 636.4083 us/op
WorkloadActual  82: 1024 op, 598912000.00 ns, 584.8750 us/op
WorkloadActual  83: 1024 op, 598562100.00 ns, 584.5333 us/op
WorkloadActual  84: 1024 op, 596458500.00 ns, 582.4790 us/op
WorkloadActual  85: 1024 op, 683818100.00 ns, 667.7911 us/op
WorkloadActual  86: 1024 op, 631444800.00 ns, 616.6453 us/op
WorkloadActual  87: 1024 op, 601975100.00 ns, 587.8663 us/op
WorkloadActual  88: 1024 op, 601749600.00 ns, 587.6461 us/op
WorkloadActual  89: 1024 op, 618533200.00 ns, 604.0363 us/op
WorkloadActual  90: 1024 op, 602010100.00 ns, 587.9005 us/op
WorkloadActual  91: 1024 op, 601033000.00 ns, 586.9463 us/op
WorkloadActual  92: 1024 op, 594357000.00 ns, 580.4268 us/op
WorkloadActual  93: 1024 op, 589275400.00 ns, 575.4643 us/op
WorkloadActual  94: 1024 op, 593396800.00 ns, 579.4891 us/op
WorkloadActual  95: 1024 op, 596641500.00 ns, 582.6577 us/op
WorkloadActual  96: 1024 op, 595760200.00 ns, 581.7971 us/op
WorkloadActual  97: 1024 op, 636426600.00 ns, 621.5104 us/op
WorkloadActual  98: 1024 op, 574981700.00 ns, 561.5056 us/op
WorkloadActual  99: 1024 op, 583478800.00 ns, 569.8035 us/op
WorkloadActual  100: 1024 op, 585037400.00 ns, 571.3256 us/op

// AfterActualRun
WorkloadResult   1: 1024 op, 635497950.00 ns, 620.6035 us/op
WorkloadResult   2: 1024 op, 596889050.00 ns, 582.8995 us/op
WorkloadResult   3: 1024 op, 589002350.00 ns, 575.1976 us/op
WorkloadResult   4: 1024 op, 597222650.00 ns, 583.2252 us/op
WorkloadResult   5: 1024 op, 603115350.00 ns, 588.9798 us/op
WorkloadResult   6: 1024 op, 608229150.00 ns, 593.9738 us/op
WorkloadResult   7: 1024 op, 614489150.00 ns, 600.0871 us/op
WorkloadResult   8: 1024 op, 589007650.00 ns, 575.2028 us/op
WorkloadResult   9: 1024 op, 544975350.00 ns, 532.2025 us/op
WorkloadResult  10: 1024 op, 583416550.00 ns, 569.7427 us/op
WorkloadResult  11: 1024 op, 596040750.00 ns, 582.0710 us/op
WorkloadResult  12: 1024 op, 596616350.00 ns, 582.6332 us/op
WorkloadResult  13: 1024 op, 593238350.00 ns, 579.3343 us/op
WorkloadResult  14: 1024 op, 631949050.00 ns, 617.1377 us/op
WorkloadResult  15: 1024 op, 611037550.00 ns, 596.7164 us/op
WorkloadResult  16: 1024 op, 573342250.00 ns, 559.9045 us/op
WorkloadResult  17: 1024 op, 597981150.00 ns, 583.9660 us/op
WorkloadResult  18: 1024 op, 642667650.00 ns, 627.6051 us/op
WorkloadResult  19: 1024 op, 584952250.00 ns, 571.2424 us/op
WorkloadResult  20: 1024 op, 623060650.00 ns, 608.4577 us/op
WorkloadResult  21: 1024 op, 601359350.00 ns, 587.2650 us/op
WorkloadResult  22: 1024 op, 603590250.00 ns, 589.4436 us/op
WorkloadResult  23: 1024 op, 589087750.00 ns, 575.2810 us/op
WorkloadResult  24: 1024 op, 586583350.00 ns, 572.8353 us/op
WorkloadResult  25: 1024 op, 594415950.00 ns, 580.4843 us/op
WorkloadResult  26: 1024 op, 591471650.00 ns, 577.6090 us/op
WorkloadResult  27: 1024 op, 619963550.00 ns, 605.4332 us/op
WorkloadResult  28: 1024 op, 586185750.00 ns, 572.4470 us/op
WorkloadResult  29: 1024 op, 602619750.00 ns, 588.4958 us/op
WorkloadResult  30: 1024 op, 588668450.00 ns, 574.8715 us/op
WorkloadResult  31: 1024 op, 615814950.00 ns, 601.3818 us/op
WorkloadResult  32: 1024 op, 627836150.00 ns, 613.1212 us/op
WorkloadResult  33: 1024 op, 592322550.00 ns, 578.4400 us/op
WorkloadResult  34: 1024 op, 607761550.00 ns, 593.5171 us/op
WorkloadResult  35: 1024 op, 591519850.00 ns, 577.6561 us/op
WorkloadResult  36: 1024 op, 599451050.00 ns, 585.4014 us/op
WorkloadResult  37: 1024 op, 596658850.00 ns, 582.6747 us/op
WorkloadResult  38: 1024 op, 598606850.00 ns, 584.5770 us/op
WorkloadResult  39: 1024 op, 593829650.00 ns, 579.9118 us/op
WorkloadResult  40: 1024 op, 578095950.00 ns, 564.5468 us/op
WorkloadResult  41: 1024 op, 592539650.00 ns, 578.6520 us/op
WorkloadResult  42: 1024 op, 616362050.00 ns, 601.9161 us/op
WorkloadResult  43: 1024 op, 610023950.00 ns, 595.7265 us/op
WorkloadResult  44: 1024 op, 631107850.00 ns, 616.3163 us/op
WorkloadResult  45: 1024 op, 600004250.00 ns, 585.9417 us/op
WorkloadResult  46: 1024 op, 605035550.00 ns, 590.8550 us/op
[testcontainers.org 00:01:14.78] Delete Docker container 38ce5c2762f6
WorkloadResult  47: 1024 op, 613269950.00 ns, 598.8964 us/op
WorkloadResult  48: 1024 op, 630862850.00 ns, 616.0770 us/op
WorkloadResult  49: 1024 op, 618758150.00 ns, 604.2560 us/op
WorkloadResult  50: 1024 op, 583698250.00 ns, 570.0178 us/op
WorkloadResult  51: 1024 op, 611012450.00 ns, 596.6918 us/op
WorkloadResult  52: 1024 op, 594223650.00 ns, 580.2965 us/op
WorkloadResult  53: 1024 op, 586940250.00 ns, 573.1838 us/op
WorkloadResult  54: 1024 op, 620570750.00 ns, 606.0261 us/op
WorkloadResult  55: 1024 op, 596611550.00 ns, 582.6285 us/op
WorkloadResult  56: 1024 op, 604117950.00 ns, 589.9589 us/op
WorkloadResult  57: 1024 op, 608794150.00 ns, 594.5255 us/op
WorkloadResult  58: 1024 op, 598139450.00 ns, 584.1206 us/op
WorkloadResult  59: 1024 op, 617147650.00 ns, 602.6833 us/op
WorkloadResult  60: 1024 op, 602682250.00 ns, 588.5569 us/op
WorkloadResult  61: 1024 op, 610334650.00 ns, 596.0299 us/op
WorkloadResult  62: 1024 op, 587246050.00 ns, 573.4825 us/op
WorkloadResult  63: 1024 op, 592540750.00 ns, 578.6531 us/op
WorkloadResult  64: 1024 op, 632447150.00 ns, 617.6242 us/op
WorkloadResult  65: 1024 op, 591461850.00 ns, 577.5995 us/op
WorkloadResult  66: 1024 op, 601869950.00 ns, 587.7636 us/op
WorkloadResult  67: 1024 op, 597654250.00 ns, 583.6467 us/op
WorkloadResult  68: 1024 op, 582583650.00 ns, 568.9293 us/op
WorkloadResult  69: 1024 op, 610060350.00 ns, 595.7621 us/op
WorkloadResult  70: 1024 op, 590848650.00 ns, 577.0006 us/op
WorkloadResult  71: 1024 op, 603853550.00 ns, 589.7007 us/op
WorkloadResult  72: 1024 op, 607135650.00 ns, 592.9059 us/op
WorkloadResult  73: 1024 op, 588340750.00 ns, 574.5515 us/op
WorkloadResult  74: 1024 op, 604193650.00 ns, 590.0329 us/op
WorkloadResult  75: 1024 op, 575357550.00 ns, 561.8726 us/op
WorkloadResult  76: 1024 op, 598908050.00 ns, 584.8711 us/op
WorkloadResult  77: 1024 op, 598558150.00 ns, 584.5294 us/op
WorkloadResult  78: 1024 op, 596454550.00 ns, 582.4751 us/op
WorkloadResult  79: 1024 op, 631440850.00 ns, 616.6415 us/op
WorkloadResult  80: 1024 op, 601971150.00 ns, 587.8625 us/op
WorkloadResult  81: 1024 op, 601745650.00 ns, 587.6422 us/op
WorkloadResult  82: 1024 op, 618529250.00 ns, 604.0325 us/op
WorkloadResult  83: 1024 op, 602006150.00 ns, 587.8966 us/op
WorkloadResult  84: 1024 op, 601029050.00 ns, 586.9424 us/op
WorkloadResult  85: 1024 op, 594353050.00 ns, 580.4229 us/op
WorkloadResult  86: 1024 op, 589271450.00 ns, 575.4604 us/op
WorkloadResult  87: 1024 op, 593392850.00 ns, 579.4852 us/op
WorkloadResult  88: 1024 op, 596637550.00 ns, 582.6539 us/op
WorkloadResult  89: 1024 op, 595756250.00 ns, 581.7932 us/op
WorkloadResult  90: 1024 op, 636422650.00 ns, 621.5065 us/op
WorkloadResult  91: 1024 op, 574977750.00 ns, 561.5017 us/op
WorkloadResult  92: 1024 op, 583474850.00 ns, 569.7997 us/op
WorkloadResult  93: 1024 op, 585033450.00 ns, 571.3217 us/op
// GC:  0 0 0 4986760 1024
// Threading:  6129 4 1024

// AfterAll
// Benchmark Process 9668 has exited with code 0.

Mean = 586.949 μs, StdErr = 1.620 μs (0.28%), N = 93, StdDev = 15.619 μs
Min = 532.202 μs, Q1 = 577.609 μs, Median = 584.529 μs, Q3 = 595.727 μs, Max = 627.605 μs
IQR = 18.117 μs, LowerFence = 550.433 μs, UpperFence = 622.903 μs
ConfidenceInterval = [581.444 μs; 592.455 μs] (CI 99.9%), Margin = 5.506 μs (0.94% of Mean)
Skewness = 0.18, Kurtosis = 4, MValue = 2

// ** Remained 5 (83,3 %) benchmark(s) to run. Estimated finish 2024-11-29 17:20 (0h 6m from now) **
Setup power plan (GUID: 8c5e7fda-e8bf-4a96-9a85-a6e23a8c635c FriendlyName: High performance)
// **************************
// Benchmark: Compare.NpgslSelect: Job-OVQBKV(IterationCount=100, LaunchCount=1)
// *** Execute ***
// Launch: 1 / 1
// Execute: dotnet 264af6b0-4445-47ff-bc1d-1c6078a98047.dll --anonymousPipes 1832 1736 --benchmarkName Benchmark.Compare.Compare.NpgslSelect --job "IterationCount=100, LaunchCount=1" --benchmarkId 1 in C:\Users\abcd2\OneDrive\Desktop\7-SEM-HIEU\lab_04\Benchmark\bin\Release\net8.0\264af6b0-4445-47ff-bc1d-1c6078a98047\bin\Release\net8.0
// BeforeAnythingElse

// Benchmark Process Environment Information:
// BenchmarkDotNet v0.14.0
// Runtime=.NET 8.0.8 (8.0.824.36612), X64 RyuJIT AVX-512F+CD+BW+DQ+VL+VBMI
// GC=Concurrent Workstation
// HardwareIntrinsics=AVX-512F+CD+BW+DQ+VL+VBMI,AES,BMI1,BMI2,FMA,LZCNT,PCLMUL,POPCNT VectorSize=256
// Job: Job-ONMCPW(IterationCount=100, LaunchCount=1)

[testcontainers.org 00:00:00.15] Connected to Docker:
  Host: npipe://./pipe/docker_engine
  Server Version: 26.1.4
  Kernel Version: 5.15.153.1-microsoft-standard-WSL2
  API Version: 1.45
  Operating System: Docker Desktop
  Total Memory: 3.76 GB
  Labels: 
    com.docker.desktop.address=npipe://\\.\pipe\docker_cli
[testcontainers.org 00:00:00.30] Docker container e361968ef8cc created
[testcontainers.org 00:00:00.34] Start Docker container e361968ef8cc
[testcontainers.org 00:00:01.65] Wait for Docker container e361968ef8cc to complete readiness checks
[testcontainers.org 00:00:01.66] Docker container e361968ef8cc ready
[testcontainers.org 00:00:01.73] Docker container 0912b805e8f5 created
[testcontainers.org 00:00:01.75] Start Docker container 0912b805e8f5
[testcontainers.org 00:00:03.04] Wait for Docker container 0912b805e8f5 to complete readiness checks
[testcontainers.org 00:00:03.05] Execute "pg_isready --host localhost --dbname BENCHMARK_testdb --username postgres" at Docker container 0912b805e8f5
[testcontainers.org 00:00:04.12] Execute "pg_isready --host localhost --dbname BENCHMARK_testdb --username postgres" at Docker container 0912b805e8f5
[testcontainers.org 00:00:04.17] Docker container 0912b805e8f5 ready
OverheadJitting  1: 1 op, 285400.00 ns, 285.4000 us/op
WorkloadJitting  1: 1 op, 5931900.00 ns, 5.9319 ms/op

OverheadJitting  2: 16 op, 499400.00 ns, 31.2125 us/op
WorkloadJitting  2: 16 op, 10622800.00 ns, 663.9250 us/op

WorkloadPilot    1: 16 op, 9051900.00 ns, 565.7438 us/op
WorkloadPilot    2: 32 op, 18743600.00 ns, 585.7375 us/op
WorkloadPilot    3: 64 op, 34296600.00 ns, 535.8844 us/op
WorkloadPilot    4: 128 op, 84734400.00 ns, 661.9875 us/op
WorkloadPilot    5: 256 op, 142195400.00 ns, 555.4508 us/op
WorkloadPilot    6: 512 op, 257792600.00 ns, 503.5012 us/op
WorkloadPilot    7: 1024 op, 492259400.00 ns, 480.7221 us/op
WorkloadPilot    8: 2048 op, 951444200.00 ns, 464.5724 us/op

OverheadWarmup   1: 2048 op, 10700.00 ns, 5.2246 ns/op
OverheadWarmup   2: 2048 op, 9600.00 ns, 4.6875 ns/op
OverheadWarmup   3: 2048 op, 9300.00 ns, 4.5410 ns/op
OverheadWarmup   4: 2048 op, 9200.00 ns, 4.4922 ns/op
OverheadWarmup   5: 2048 op, 9400.00 ns, 4.5898 ns/op
OverheadWarmup   6: 2048 op, 9500.00 ns, 4.6387 ns/op
OverheadWarmup   7: 2048 op, 9300.00 ns, 4.5410 ns/op
OverheadWarmup   8: 2048 op, 9400.00 ns, 4.5898 ns/op
OverheadWarmup   9: 2048 op, 8500.00 ns, 4.1504 ns/op

OverheadActual   1: 2048 op, 8300.00 ns, 4.0527 ns/op
OverheadActual   2: 2048 op, 9500.00 ns, 4.6387 ns/op
OverheadActual   3: 2048 op, 9500.00 ns, 4.6387 ns/op
OverheadActual   4: 2048 op, 8900.00 ns, 4.3457 ns/op
OverheadActual   5: 2048 op, 8400.00 ns, 4.1016 ns/op
OverheadActual   6: 2048 op, 9500.00 ns, 4.6387 ns/op
OverheadActual   7: 2048 op, 8800.00 ns, 4.2969 ns/op
OverheadActual   8: 2048 op, 8800.00 ns, 4.2969 ns/op
OverheadActual   9: 2048 op, 9600.00 ns, 4.6875 ns/op
OverheadActual  10: 2048 op, 8500.00 ns, 4.1504 ns/op
OverheadActual  11: 2048 op, 8700.00 ns, 4.2480 ns/op
OverheadActual  12: 2048 op, 10300.00 ns, 5.0293 ns/op
OverheadActual  13: 2048 op, 8700.00 ns, 4.2480 ns/op
OverheadActual  14: 2048 op, 9500.00 ns, 4.6387 ns/op
OverheadActual  15: 2048 op, 8700.00 ns, 4.2480 ns/op
OverheadActual  16: 2048 op, 9500.00 ns, 4.6387 ns/op
OverheadActual  17: 2048 op, 10800.00 ns, 5.2734 ns/op
OverheadActual  18: 2048 op, 11900.00 ns, 5.8105 ns/op
OverheadActual  19: 2048 op, 10500.00 ns, 5.1270 ns/op
OverheadActual  20: 2048 op, 9700.00 ns, 4.7363 ns/op

WorkloadWarmup   1: 2048 op, 993706200.00 ns, 485.2081 us/op
WorkloadWarmup   2: 2048 op, 1103705900.00 ns, 538.9189 us/op
WorkloadWarmup   3: 2048 op, 1200908800.00 ns, 586.3813 us/op
WorkloadWarmup   4: 2048 op, 1356211600.00 ns, 662.2127 us/op
WorkloadWarmup   5: 2048 op, 1132512500.00 ns, 552.9846 us/op
WorkloadWarmup   6: 2048 op, 1131434600.00 ns, 552.4583 us/op
WorkloadWarmup   7: 2048 op, 1199090300.00 ns, 585.4933 us/op
WorkloadWarmup   8: 2048 op, 1123221700.00 ns, 548.4481 us/op

// BeforeActualRun
WorkloadActual   1: 2048 op, 1190240300.00 ns, 581.1720 us/op
WorkloadActual   2: 2048 op, 1125703200.00 ns, 549.6598 us/op
WorkloadActual   3: 2048 op, 1215396300.00 ns, 593.4552 us/op
WorkloadActual   4: 2048 op, 1145863300.00 ns, 559.5036 us/op
WorkloadActual   5: 2048 op, 1143775300.00 ns, 558.4840 us/op
WorkloadActual   6: 2048 op, 1123519200.00 ns, 548.5934 us/op
WorkloadActual   7: 2048 op, 1119622000.00 ns, 546.6904 us/op
WorkloadActual   8: 2048 op, 1125037700.00 ns, 549.3348 us/op
WorkloadActual   9: 2048 op, 1141751600.00 ns, 557.4959 us/op
WorkloadActual  10: 2048 op, 1184612100.00 ns, 578.4239 us/op
WorkloadActual  11: 2048 op, 1146088900.00 ns, 559.6137 us/op
WorkloadActual  12: 2048 op, 1189729800.00 ns, 580.9228 us/op
WorkloadActual  13: 2048 op, 1170233700.00 ns, 571.4032 us/op
WorkloadActual  14: 2048 op, 1174831200.00 ns, 573.6480 us/op
WorkloadActual  15: 2048 op, 1100708000.00 ns, 537.4551 us/op
WorkloadActual  16: 2048 op, 1114058900.00 ns, 543.9741 us/op
WorkloadActual  17: 2048 op, 1151244100.00 ns, 562.1309 us/op
WorkloadActual  18: 2048 op, 1143173600.00 ns, 558.1902 us/op
WorkloadActual  19: 2048 op, 1126239500.00 ns, 549.9216 us/op
WorkloadActual  20: 2048 op, 1124390100.00 ns, 549.0186 us/op
WorkloadActual  21: 2048 op, 1192970000.00 ns, 582.5049 us/op
WorkloadActual  22: 2048 op, 1135115400.00 ns, 554.2556 us/op
WorkloadActual  23: 2048 op, 1132988500.00 ns, 553.2170 us/op
WorkloadActual  24: 2048 op, 1141936200.00 ns, 557.5860 us/op
WorkloadActual  25: 2048 op, 1137401000.00 ns, 555.3716 us/op
WorkloadActual  26: 2048 op, 1123327100.00 ns, 548.4996 us/op
WorkloadActual  27: 2048 op, 1174983100.00 ns, 573.7222 us/op
WorkloadActual  28: 2048 op, 1124588300.00 ns, 549.1154 us/op
WorkloadActual  29: 2048 op, 1165027600.00 ns, 568.8611 us/op
WorkloadActual  30: 2048 op, 1173443200.00 ns, 572.9703 us/op
WorkloadActual  31: 2048 op, 1146826800.00 ns, 559.9740 us/op
WorkloadActual  32: 2048 op, 1133703000.00 ns, 553.5659 us/op
WorkloadActual  33: 2048 op, 1116804200.00 ns, 545.3146 us/op
WorkloadActual  34: 2048 op, 1147221400.00 ns, 560.1667 us/op
WorkloadActual  35: 2048 op, 1171504200.00 ns, 572.0235 us/op
WorkloadActual  36: 2048 op, 1181753000.00 ns, 577.0278 us/op
WorkloadActual  37: 2048 op, 1159753500.00 ns, 566.2859 us/op
WorkloadActual  38: 2048 op, 1199927000.00 ns, 585.9019 us/op
WorkloadActual  39: 2048 op, 1115903100.00 ns, 544.8746 us/op
WorkloadActual  40: 2048 op, 1146023600.00 ns, 559.5818 us/op
WorkloadActual  41: 2048 op, 1128897700.00 ns, 551.2196 us/op
WorkloadActual  42: 2048 op, 1139862700.00 ns, 556.5736 us/op
WorkloadActual  43: 2048 op, 1128616100.00 ns, 551.0821 us/op
WorkloadActual  44: 2048 op, 1164040800.00 ns, 568.3793 us/op
WorkloadActual  45: 2048 op, 1162149400.00 ns, 567.4558 us/op
WorkloadActual  46: 2048 op, 1113307400.00 ns, 543.6071 us/op
WorkloadActual  47: 2048 op, 1162745000.00 ns, 567.7466 us/op
WorkloadActual  48: 2048 op, 1144037800.00 ns, 558.6122 us/op
WorkloadActual  49: 2048 op, 1124197700.00 ns, 548.9247 us/op
WorkloadActual  50: 2048 op, 1112508700.00 ns, 543.2171 us/op
WorkloadActual  51: 2048 op, 1119888100.00 ns, 546.8204 us/op
WorkloadActual  52: 2048 op, 1119438700.00 ns, 546.6009 us/op
WorkloadActual  53: 2048 op, 1183966300.00 ns, 578.1085 us/op
WorkloadActual  54: 2048 op, 1140895200.00 ns, 557.0777 us/op
WorkloadActual  55: 2048 op, 1155148500.00 ns, 564.0374 us/op
WorkloadActual  56: 2048 op, 1139249600.00 ns, 556.2742 us/op
WorkloadActual  57: 2048 op, 1143725100.00 ns, 558.4595 us/op
WorkloadActual  58: 2048 op, 1150089500.00 ns, 561.5671 us/op
WorkloadActual  59: 2048 op, 1118012700.00 ns, 545.9046 us/op
WorkloadActual  60: 2048 op, 1123620500.00 ns, 548.6428 us/op
WorkloadActual  61: 2048 op, 1136669400.00 ns, 555.0144 us/op
WorkloadActual  62: 2048 op, 1199703800.00 ns, 585.7929 us/op
WorkloadActual  63: 2048 op, 1122855100.00 ns, 548.2691 us/op
WorkloadActual  64: 2048 op, 1154268000.00 ns, 563.6074 us/op
WorkloadActual  65: 2048 op, 1096746600.00 ns, 535.5208 us/op
WorkloadActual  66: 2048 op, 1127611300.00 ns, 550.5915 us/op
WorkloadActual  67: 2048 op, 1098025200.00 ns, 536.1451 us/op
WorkloadActual  68: 2048 op, 1204258700.00 ns, 588.0169 us/op
WorkloadActual  69: 2048 op, 1127439200.00 ns, 550.5074 us/op
WorkloadActual  70: 2048 op, 1096163400.00 ns, 535.2360 us/op
WorkloadActual  71: 2048 op, 1178779800.00 ns, 575.5761 us/op
WorkloadActual  72: 2048 op, 1133714300.00 ns, 553.5714 us/op
WorkloadActual  73: 2048 op, 1176976400.00 ns, 574.6955 us/op
WorkloadActual  74: 2048 op, 1131528300.00 ns, 552.5041 us/op
WorkloadActual  75: 2048 op, 1105128300.00 ns, 539.6134 us/op
WorkloadActual  76: 2048 op, 1108807700.00 ns, 541.4100 us/op
WorkloadActual  77: 2048 op, 1109277200.00 ns, 541.6393 us/op
WorkloadActual  78: 2048 op, 1101466100.00 ns, 537.8252 us/op
WorkloadActual  79: 2048 op, 1161664500.00 ns, 567.2190 us/op
WorkloadActual  80: 2048 op, 1138970700.00 ns, 556.1380 us/op
WorkloadActual  81: 2048 op, 1100511100.00 ns, 537.3589 us/op
WorkloadActual  82: 2048 op, 1184073100.00 ns, 578.1607 us/op
WorkloadActual  83: 2048 op, 1106766000.00 ns, 540.4131 us/op
WorkloadActual  84: 2048 op, 1166840600.00 ns, 569.7464 us/op
WorkloadActual  85: 2048 op, 1124616500.00 ns, 549.1292 us/op
WorkloadActual  86: 2048 op, 1150629200.00 ns, 561.8307 us/op
WorkloadActual  87: 2048 op, 1130257000.00 ns, 551.8833 us/op
WorkloadActual  88: 2048 op, 1161085500.00 ns, 566.9363 us/op
WorkloadActual  89: 2048 op, 1117997100.00 ns, 545.8970 us/op
WorkloadActual  90: 2048 op, 1175834100.00 ns, 574.1377 us/op
WorkloadActual  91: 2048 op, 1127442100.00 ns, 550.5088 us/op
WorkloadActual  92: 2048 op, 1109815000.00 ns, 541.9019 us/op
WorkloadActual  93: 2048 op, 1126591200.00 ns, 550.0934 us/op
WorkloadActual  94: 2048 op, 1111979000.00 ns, 542.9585 us/op
WorkloadActual  95: 2048 op, 1118090700.00 ns, 545.9427 us/op
WorkloadActual  96: 2048 op, 1092304700.00 ns, 533.3519 us/op
WorkloadActual  97: 2048 op, 1150880000.00 ns, 561.9531 us/op
WorkloadActual  98: 2048 op, 1144936100.00 ns, 559.0508 us/op
WorkloadActual  99: 2048 op, 1152360400.00 ns, 562.6760 us/op
WorkloadActual  100: 2048 op, 1142360200.00 ns, 557.7931 us/op

// AfterActualRun
WorkloadResult   1: 2048 op, 1190230800.00 ns, 581.1674 us/op
WorkloadResult   2: 2048 op, 1125693700.00 ns, 549.6551 us/op
WorkloadResult   3: 2048 op, 1215386800.00 ns, 593.4506 us/op
WorkloadResult   4: 2048 op, 1145853800.00 ns, 559.4989 us/op
WorkloadResult   5: 2048 op, 1143765800.00 ns, 558.4794 us/op
WorkloadResult   6: 2048 op, 1123509700.00 ns, 548.5887 us/op
WorkloadResult   7: 2048 op, 1119612500.00 ns, 546.6858 us/op
WorkloadResult   8: 2048 op, 1125028200.00 ns, 549.3302 us/op
WorkloadResult   9: 2048 op, 1141742100.00 ns, 557.4913 us/op
WorkloadResult  10: 2048 op, 1184602600.00 ns, 578.4192 us/op
WorkloadResult  11: 2048 op, 1146079400.00 ns, 559.6091 us/op
WorkloadResult  12: 2048 op, 1189720300.00 ns, 580.9181 us/op
WorkloadResult  13: 2048 op, 1170224200.00 ns, 571.3985 us/op
WorkloadResult  14: 2048 op, 1174821700.00 ns, 573.6434 us/op
WorkloadResult  15: 2048 op, 1100698500.00 ns, 537.4504 us/op
WorkloadResult  16: 2048 op, 1114049400.00 ns, 543.9694 us/op
WorkloadResult  17: 2048 op, 1151234600.00 ns, 562.1263 us/op
WorkloadResult  18: 2048 op, 1143164100.00 ns, 558.1856 us/op
WorkloadResult  19: 2048 op, 1126230000.00 ns, 549.9170 us/op
WorkloadResult  20: 2048 op, 1124380600.00 ns, 549.0140 us/op
WorkloadResult  21: 2048 op, 1192960500.00 ns, 582.5002 us/op
WorkloadResult  22: 2048 op, 1135105900.00 ns, 554.2509 us/op
WorkloadResult  23: 2048 op, 1132979000.00 ns, 553.2124 us/op
WorkloadResult  24: 2048 op, 1141926700.00 ns, 557.5814 us/op
WorkloadResult  25: 2048 op, 1137391500.00 ns, 555.3669 us/op
WorkloadResult  26: 2048 op, 1123317600.00 ns, 548.4949 us/op
WorkloadResult  27: 2048 op, 1174973600.00 ns, 573.7176 us/op
WorkloadResult  28: 2048 op, 1124578800.00 ns, 549.1107 us/op
WorkloadResult  29: 2048 op, 1165018100.00 ns, 568.8565 us/op
WorkloadResult  30: 2048 op, 1173433700.00 ns, 572.9657 us/op
WorkloadResult  31: 2048 op, 1146817300.00 ns, 559.9694 us/op
WorkloadResult  32: 2048 op, 1133693500.00 ns, 553.5613 us/op
WorkloadResult  33: 2048 op, 1116794700.00 ns, 545.3099 us/op
WorkloadResult  34: 2048 op, 1147211900.00 ns, 560.1621 us/op
WorkloadResult  35: 2048 op, 1171494700.00 ns, 572.0189 us/op
WorkloadResult  36: 2048 op, 1181743500.00 ns, 577.0232 us/op
WorkloadResult  37: 2048 op, 1159744000.00 ns, 566.2813 us/op
WorkloadResult  38: 2048 op, 1199917500.00 ns, 585.8972 us/op
WorkloadResult  39: 2048 op, 1115893600.00 ns, 544.8699 us/op
WorkloadResult  40: 2048 op, 1146014100.00 ns, 559.5772 us/op
WorkloadResult  41: 2048 op, 1128888200.00 ns, 551.2149 us/op
WorkloadResult  42: 2048 op, 1139853200.00 ns, 556.5689 us/op
WorkloadResult  43: 2048 op, 1128606600.00 ns, 551.0774 us/op
WorkloadResult  44: 2048 op, 1164031300.00 ns, 568.3747 us/op
WorkloadResult  45: 2048 op, 1162139900.00 ns, 567.4511 us/op
WorkloadResult  46: 2048 op, 1113297900.00 ns, 543.6025 us/op
WorkloadResult  47: 2048 op, 1162735500.00 ns, 567.7419 us/op
WorkloadResult  48: 2048 op, 1144028300.00 ns, 558.6076 us/op
WorkloadResult  49: 2048 op, 1124188200.00 ns, 548.9200 us/op
WorkloadResult  50: 2048 op, 1112499200.00 ns, 543.2125 us/op
WorkloadResult  51: 2048 op, 1119878600.00 ns, 546.8157 us/op
WorkloadResult  52: 2048 op, 1119429200.00 ns, 546.5963 us/op
WorkloadResult  53: 2048 op, 1183956800.00 ns, 578.1039 us/op
WorkloadResult  54: 2048 op, 1140885700.00 ns, 557.0731 us/op
WorkloadResult  55: 2048 op, 1155139000.00 ns, 564.0327 us/op
WorkloadResult  56: 2048 op, 1139240100.00 ns, 556.2696 us/op
[testcontainers.org 00:02:12.00] Delete Docker container 0912b805e8f5
WorkloadResult  57: 2048 op, 1143715600.00 ns, 558.4549 us/op
WorkloadResult  58: 2048 op, 1150080000.00 ns, 561.5625 us/op
WorkloadResult  59: 2048 op, 1118003200.00 ns, 545.9000 us/op
WorkloadResult  60: 2048 op, 1123611000.00 ns, 548.6382 us/op
WorkloadResult  61: 2048 op, 1136659900.00 ns, 555.0097 us/op
WorkloadResult  62: 2048 op, 1199694300.00 ns, 585.7882 us/op
WorkloadResult  63: 2048 op, 1122845600.00 ns, 548.2645 us/op
WorkloadResult  64: 2048 op, 1154258500.00 ns, 563.6028 us/op
WorkloadResult  65: 2048 op, 1096737100.00 ns, 535.5162 us/op
WorkloadResult  66: 2048 op, 1127601800.00 ns, 550.5868 us/op
WorkloadResult  67: 2048 op, 1098015700.00 ns, 536.1405 us/op
WorkloadResult  68: 2048 op, 1204249200.00 ns, 588.0123 us/op
WorkloadResult  69: 2048 op, 1127429700.00 ns, 550.5028 us/op
WorkloadResult  70: 2048 op, 1096153900.00 ns, 535.2314 us/op
WorkloadResult  71: 2048 op, 1178770300.00 ns, 575.5714 us/op
WorkloadResult  72: 2048 op, 1133704800.00 ns, 553.5668 us/op
WorkloadResult  73: 2048 op, 1176966900.00 ns, 574.6909 us/op
WorkloadResult  74: 2048 op, 1131518800.00 ns, 552.4994 us/op
WorkloadResult  75: 2048 op, 1105118800.00 ns, 539.6088 us/op
WorkloadResult  76: 2048 op, 1108798200.00 ns, 541.4054 us/op
WorkloadResult  77: 2048 op, 1109267700.00 ns, 541.6346 us/op
WorkloadResult  78: 2048 op, 1101456600.00 ns, 537.8206 us/op
WorkloadResult  79: 2048 op, 1161655000.00 ns, 567.2144 us/op
WorkloadResult  80: 2048 op, 1138961200.00 ns, 556.1334 us/op
WorkloadResult  81: 2048 op, 1100501600.00 ns, 537.3543 us/op
WorkloadResult  82: 2048 op, 1184063600.00 ns, 578.1561 us/op
WorkloadResult  83: 2048 op, 1106756500.00 ns, 540.4084 us/op
WorkloadResult  84: 2048 op, 1166831100.00 ns, 569.7417 us/op
WorkloadResult  85: 2048 op, 1124607000.00 ns, 549.1245 us/op
WorkloadResult  86: 2048 op, 1150619700.00 ns, 561.8260 us/op
WorkloadResult  87: 2048 op, 1130247500.00 ns, 551.8787 us/op
WorkloadResult  88: 2048 op, 1161076000.00 ns, 566.9316 us/op
WorkloadResult  89: 2048 op, 1117987600.00 ns, 545.8924 us/op
WorkloadResult  90: 2048 op, 1175824600.00 ns, 574.1331 us/op
WorkloadResult  91: 2048 op, 1127432600.00 ns, 550.5042 us/op
WorkloadResult  92: 2048 op, 1109805500.00 ns, 541.8972 us/op
WorkloadResult  93: 2048 op, 1126581700.00 ns, 550.0887 us/op
WorkloadResult  94: 2048 op, 1111969500.00 ns, 542.9539 us/op
WorkloadResult  95: 2048 op, 1118081200.00 ns, 545.9381 us/op
WorkloadResult  96: 2048 op, 1092295200.00 ns, 533.3473 us/op
WorkloadResult  97: 2048 op, 1150870500.00 ns, 561.9485 us/op
WorkloadResult  98: 2048 op, 1144926600.00 ns, 559.0462 us/op
WorkloadResult  99: 2048 op, 1152350900.00 ns, 562.6713 us/op
WorkloadResult  100: 2048 op, 1142350700.00 ns, 557.7884 us/op
// GC:  1 0 0 8072768 2048
// Threading:  12225 2 2048

// AfterAll
// Benchmark Process 21412 has exited with code 0.

Mean = 557.404 μs, StdErr = 1.349 μs (0.24%), N = 100, StdDev = 13.491 μs
Min = 533.347 μs, Q1 = 548.437 μs, Median = 556.201 μs, Q3 = 567.002 μs, Max = 593.451 μs
IQR = 18.565 μs, LowerFence = 520.590 μs, UpperFence = 594.850 μs
ConfidenceInterval = [552.828 μs; 561.979 μs] (CI 99.9%), Margin = 4.575 μs (0.82% of Mean)
Skewness = 0.49, Kurtosis = 2.56, MValue = 2

// ** Remained 4 (66,7 %) benchmark(s) to run. Estimated finish 2024-11-29 17:23 (0h 6m from now) **
Setup power plan (GUID: 8c5e7fda-e8bf-4a96-9a85-a6e23a8c635c FriendlyName: High performance)
// **************************
// Benchmark: Compare.DapperInsert: Job-OVQBKV(IterationCount=100, LaunchCount=1)
// *** Execute ***
// Launch: 1 / 1
// Execute: dotnet 264af6b0-4445-47ff-bc1d-1c6078a98047.dll --anonymousPipes 2020 2024 --benchmarkName Benchmark.Compare.Compare.DapperInsert --job "IterationCount=100, LaunchCount=1" --benchmarkId 2 in C:\Users\abcd2\OneDrive\Desktop\7-SEM-HIEU\lab_04\Benchmark\bin\Release\net8.0\264af6b0-4445-47ff-bc1d-1c6078a98047\bin\Release\net8.0
// BeforeAnythingElse

// Benchmark Process Environment Information:
// BenchmarkDotNet v0.14.0
// Runtime=.NET 8.0.8 (8.0.824.36612), X64 RyuJIT AVX-512F+CD+BW+DQ+VL+VBMI
// GC=Concurrent Workstation
// HardwareIntrinsics=AVX-512F+CD+BW+DQ+VL+VBMI,AES,BMI1,BMI2,FMA,LZCNT,PCLMUL,POPCNT VectorSize=256
// Job: Job-OJRYBL(IterationCount=100, LaunchCount=1)

[testcontainers.org 00:00:00.15] Connected to Docker:
  Host: npipe://./pipe/docker_engine
  Server Version: 26.1.4
  Kernel Version: 5.15.153.1-microsoft-standard-WSL2
  API Version: 1.45
  Operating System: Docker Desktop
  Total Memory: 3.76 GB
  Labels: 
    com.docker.desktop.address=npipe://\\.\pipe\docker_cli
[testcontainers.org 00:00:00.30] Docker container 844612c68037 created
[testcontainers.org 00:00:00.34] Start Docker container 844612c68037
[testcontainers.org 00:00:01.68] Wait for Docker container 844612c68037 to complete readiness checks
[testcontainers.org 00:00:01.69] Docker container 844612c68037 ready
[testcontainers.org 00:00:01.75] Docker container a798f112ee47 created
[testcontainers.org 00:00:01.78] Start Docker container a798f112ee47
[testcontainers.org 00:00:03.06] Wait for Docker container a798f112ee47 to complete readiness checks
[testcontainers.org 00:00:03.07] Execute "pg_isready --host localhost --dbname BENCHMARK_testdb --username postgres" at Docker container a798f112ee47
[testcontainers.org 00:00:03.13] Docker container a798f112ee47 ready
OverheadJitting  1: 1 op, 168200.00 ns, 168.2000 us/op
WorkloadJitting  1: 1 op, 49859600.00 ns, 49.8596 ms/op

WorkloadPilot    1: 2 op, 2645800.00 ns, 1.3229 ms/op
WorkloadPilot    2: 3 op, 2548100.00 ns, 849.3667 us/op
WorkloadPilot    3: 4 op, 2686400.00 ns, 671.6000 us/op
WorkloadPilot    4: 5 op, 3536100.00 ns, 707.2200 us/op
WorkloadPilot    5: 6 op, 3954700.00 ns, 659.1167 us/op
WorkloadPilot    6: 7 op, 4806800.00 ns, 686.6857 us/op
WorkloadPilot    7: 8 op, 5318400.00 ns, 664.8000 us/op
WorkloadPilot    8: 9 op, 6214400.00 ns, 690.4889 us/op
WorkloadPilot    9: 10 op, 6392800.00 ns, 639.2800 us/op
WorkloadPilot   10: 11 op, 7113700.00 ns, 646.7000 us/op
WorkloadPilot   11: 12 op, 7809800.00 ns, 650.8167 us/op
WorkloadPilot   12: 13 op, 8420400.00 ns, 647.7231 us/op
WorkloadPilot   13: 14 op, 8797900.00 ns, 628.4214 us/op
WorkloadPilot   14: 15 op, 9687100.00 ns, 645.8067 us/op
WorkloadPilot   15: 16 op, 12664400.00 ns, 791.5250 us/op
WorkloadPilot   16: 32 op, 24523700.00 ns, 766.3656 us/op
WorkloadPilot   17: 64 op, 40078800.00 ns, 626.2313 us/op
WorkloadPilot   18: 128 op, 76587400.00 ns, 598.3391 us/op
WorkloadPilot   19: 256 op, 146501800.00 ns, 572.2727 us/op
WorkloadPilot   20: 512 op, 348782600.00 ns, 681.2160 us/op
WorkloadPilot   21: 1024 op, 652622100.00 ns, 637.3263 us/op

WorkloadWarmup   1: 1024 op, 565428700.00 ns, 552.1765 us/op
WorkloadWarmup   2: 1024 op, 539670000.00 ns, 527.0215 us/op
WorkloadWarmup   3: 1024 op, 632122800.00 ns, 617.3074 us/op
WorkloadWarmup   4: 1024 op, 567136900.00 ns, 553.8446 us/op
WorkloadWarmup   5: 1024 op, 577905300.00 ns, 564.3606 us/op
WorkloadWarmup   6: 1024 op, 610935300.00 ns, 596.6165 us/op
WorkloadWarmup   7: 1024 op, 556102900.00 ns, 543.0692 us/op

// BeforeActualRun
WorkloadActual   1: 1024 op, 555384500.00 ns, 542.3677 us/op
WorkloadActual   2: 1024 op, 647801300.00 ns, 632.6185 us/op
WorkloadActual   3: 1024 op, 695216400.00 ns, 678.9223 us/op
WorkloadActual   4: 1024 op, 558570800.00 ns, 545.4793 us/op
WorkloadActual   5: 1024 op, 560163300.00 ns, 547.0345 us/op
WorkloadActual   6: 1024 op, 580505100.00 ns, 566.8995 us/op
WorkloadActual   7: 1024 op, 574705800.00 ns, 561.2361 us/op
WorkloadActual   8: 1024 op, 539472800.00 ns, 526.8289 us/op
WorkloadActual   9: 1024 op, 592266400.00 ns, 578.3852 us/op
WorkloadActual  10: 1024 op, 541505900.00 ns, 528.8144 us/op
WorkloadActual  11: 1024 op, 562110500.00 ns, 548.9360 us/op
WorkloadActual  12: 1024 op, 576158200.00 ns, 562.6545 us/op
WorkloadActual  13: 1024 op, 602648000.00 ns, 588.5234 us/op
WorkloadActual  14: 1024 op, 550070500.00 ns, 537.1782 us/op
WorkloadActual  15: 1024 op, 559984300.00 ns, 546.8597 us/op
WorkloadActual  16: 1024 op, 565086200.00 ns, 551.8420 us/op
WorkloadActual  17: 1024 op, 589990600.00 ns, 576.1627 us/op
WorkloadActual  18: 1024 op, 585003100.00 ns, 571.2921 us/op
WorkloadActual  19: 1024 op, 567986200.00 ns, 554.6740 us/op
WorkloadActual  20: 1024 op, 580949700.00 ns, 567.3337 us/op
WorkloadActual  21: 1024 op, 572588600.00 ns, 559.1686 us/op
WorkloadActual  22: 1024 op, 561982200.00 ns, 548.8107 us/op
WorkloadActual  23: 1024 op, 579567800.00 ns, 565.9842 us/op
WorkloadActual  24: 1024 op, 568626500.00 ns, 555.2993 us/op
WorkloadActual  25: 1024 op, 558336000.00 ns, 545.2500 us/op
WorkloadActual  26: 1024 op, 600958300.00 ns, 586.8733 us/op
WorkloadActual  27: 1024 op, 652833500.00 ns, 637.5327 us/op
WorkloadActual  28: 1024 op, 582262200.00 ns, 568.6154 us/op
WorkloadActual  29: 1024 op, 555191100.00 ns, 542.1788 us/op
WorkloadActual  30: 1024 op, 601126200.00 ns, 587.0373 us/op
WorkloadActual  31: 1024 op, 583746900.00 ns, 570.0653 us/op
WorkloadActual  32: 1024 op, 563446100.00 ns, 550.2403 us/op
WorkloadActual  33: 1024 op, 563469600.00 ns, 550.2633 us/op
WorkloadActual  34: 1024 op, 580705400.00 ns, 567.0951 us/op
WorkloadActual  35: 1024 op, 571122600.00 ns, 557.7369 us/op
WorkloadActual  36: 1024 op, 566001200.00 ns, 552.7355 us/op
WorkloadActual  37: 1024 op, 575761000.00 ns, 562.2666 us/op
WorkloadActual  38: 1024 op, 573904800.00 ns, 560.4539 us/op
WorkloadActual  39: 1024 op, 556109900.00 ns, 543.0761 us/op
WorkloadActual  40: 1024 op, 570338200.00 ns, 556.9709 us/op
WorkloadActual  41: 1024 op, 567507400.00 ns, 554.2064 us/op
WorkloadActual  42: 1024 op, 567300900.00 ns, 554.0048 us/op
WorkloadActual  43: 1024 op, 620615100.00 ns, 606.0694 us/op
WorkloadActual  44: 1024 op, 572529300.00 ns, 559.1106 us/op
WorkloadActual  45: 1024 op, 562223000.00 ns, 549.0459 us/op
WorkloadActual  46: 1024 op, 535494600.00 ns, 522.9439 us/op
WorkloadActual  47: 1024 op, 574459500.00 ns, 560.9956 us/op
WorkloadActual  48: 1024 op, 630122400.00 ns, 615.3539 us/op
WorkloadActual  49: 1024 op, 586928000.00 ns, 573.1719 us/op
WorkloadActual  50: 1024 op, 565569300.00 ns, 552.3138 us/op
WorkloadActual  51: 1024 op, 575792800.00 ns, 562.2977 us/op
WorkloadActual  52: 1024 op, 582483100.00 ns, 568.8312 us/op
WorkloadActual  53: 1024 op, 563283800.00 ns, 550.0818 us/op
WorkloadActual  54: 1024 op, 571760400.00 ns, 558.3598 us/op
WorkloadActual  55: 1024 op, 573086700.00 ns, 559.6550 us/op
WorkloadActual  56: 1024 op, 560641600.00 ns, 547.5016 us/op
WorkloadActual  57: 1024 op, 554437900.00 ns, 541.4433 us/op
WorkloadActual  58: 1024 op, 575189100.00 ns, 561.7081 us/op
WorkloadActual  59: 1024 op, 581352700.00 ns, 567.7272 us/op
WorkloadActual  60: 1024 op, 587022900.00 ns, 573.2646 us/op
WorkloadActual  61: 1024 op, 575601400.00 ns, 562.1107 us/op
WorkloadActual  62: 1024 op, 566919200.00 ns, 553.6320 us/op
WorkloadActual  63: 1024 op, 571736900.00 ns, 558.3368 us/op
WorkloadActual  64: 1024 op, 583801700.00 ns, 570.1188 us/op
WorkloadActual  65: 1024 op, 595937600.00 ns, 581.9703 us/op
WorkloadActual  66: 1024 op, 591534200.00 ns, 577.6701 us/op
WorkloadActual  67: 1024 op, 551204300.00 ns, 538.2854 us/op
WorkloadActual  68: 1024 op, 572723600.00 ns, 559.3004 us/op
WorkloadActual  69: 1024 op, 576330400.00 ns, 562.8227 us/op
WorkloadActual  70: 1024 op, 569111400.00 ns, 555.7729 us/op
WorkloadActual  71: 1024 op, 560812400.00 ns, 547.6684 us/op
WorkloadActual  72: 1024 op, 553874300.00 ns, 540.8929 us/op
WorkloadActual  73: 1024 op, 588580100.00 ns, 574.7853 us/op
WorkloadActual  74: 1024 op, 575371000.00 ns, 561.8857 us/op
WorkloadActual  75: 1024 op, 575950000.00 ns, 562.4512 us/op
WorkloadActual  76: 1024 op, 560341400.00 ns, 547.2084 us/op
WorkloadActual  77: 1024 op, 606793900.00 ns, 592.5722 us/op
WorkloadActual  78: 1024 op, 594184300.00 ns, 580.2581 us/op
WorkloadActual  79: 1024 op, 573897900.00 ns, 560.4472 us/op
WorkloadActual  80: 1024 op, 575142600.00 ns, 561.6627 us/op
WorkloadActual  81: 1024 op, 552165500.00 ns, 539.2241 us/op
WorkloadActual  82: 1024 op, 619313200.00 ns, 604.7980 us/op
WorkloadActual  83: 1024 op, 589907000.00 ns, 576.0811 us/op
WorkloadActual  84: 1024 op, 572981500.00 ns, 559.5522 us/op
WorkloadActual  85: 1024 op, 577880100.00 ns, 564.3360 us/op
WorkloadActual  86: 1024 op, 567308900.00 ns, 554.0126 us/op
WorkloadActual  87: 1024 op, 575844000.00 ns, 562.3477 us/op
WorkloadActual  88: 1024 op, 556138100.00 ns, 543.1036 us/op
WorkloadActual  89: 1024 op, 561069400.00 ns, 547.9193 us/op
WorkloadActual  90: 1024 op, 578003000.00 ns, 564.4561 us/op
WorkloadActual  91: 1024 op, 553512400.00 ns, 540.5395 us/op
WorkloadActual  92: 1024 op, 565116000.00 ns, 551.8711 us/op
WorkloadActual  93: 1024 op, 568778200.00 ns, 555.4475 us/op
WorkloadActual  94: 1024 op, 608382000.00 ns, 594.1230 us/op
WorkloadActual  95: 1024 op, 588668000.00 ns, 574.8711 us/op
WorkloadActual  96: 1024 op, 546038400.00 ns, 533.2406 us/op
WorkloadActual  97: 1024 op, 542888300.00 ns, 530.1644 us/op
WorkloadActual  98: 1024 op, 578824600.00 ns, 565.2584 us/op
WorkloadActual  99: 1024 op, 587498900.00 ns, 573.7294 us/op
WorkloadActual  100: 1024 op, 550942400.00 ns, 538.0297 us/op

// AfterActualRun
WorkloadResult   1: 1024 op, 555384500.00 ns, 542.3677 us/op
WorkloadResult   2: 1024 op, 558570800.00 ns, 545.4793 us/op
WorkloadResult   3: 1024 op, 560163300.00 ns, 547.0345 us/op
WorkloadResult   4: 1024 op, 580505100.00 ns, 566.8995 us/op
WorkloadResult   5: 1024 op, 574705800.00 ns, 561.2361 us/op
WorkloadResult   6: 1024 op, 539472800.00 ns, 526.8289 us/op
WorkloadResult   7: 1024 op, 592266400.00 ns, 578.3852 us/op
WorkloadResult   8: 1024 op, 541505900.00 ns, 528.8144 us/op
WorkloadResult   9: 1024 op, 562110500.00 ns, 548.9360 us/op
WorkloadResult  10: 1024 op, 576158200.00 ns, 562.6545 us/op
WorkloadResult  11: 1024 op, 602648000.00 ns, 588.5234 us/op
WorkloadResult  12: 1024 op, 550070500.00 ns, 537.1782 us/op
WorkloadResult  13: 1024 op, 559984300.00 ns, 546.8597 us/op
WorkloadResult  14: 1024 op, 565086200.00 ns, 551.8420 us/op
WorkloadResult  15: 1024 op, 589990600.00 ns, 576.1627 us/op
WorkloadResult  16: 1024 op, 585003100.00 ns, 571.2921 us/op
WorkloadResult  17: 1024 op, 567986200.00 ns, 554.6740 us/op
WorkloadResult  18: 1024 op, 580949700.00 ns, 567.3337 us/op
WorkloadResult  19: 1024 op, 572588600.00 ns, 559.1686 us/op
WorkloadResult  20: 1024 op, 561982200.00 ns, 548.8107 us/op
WorkloadResult  21: 1024 op, 579567800.00 ns, 565.9842 us/op
WorkloadResult  22: 1024 op, 568626500.00 ns, 555.2993 us/op
WorkloadResult  23: 1024 op, 558336000.00 ns, 545.2500 us/op
WorkloadResult  24: 1024 op, 600958300.00 ns, 586.8733 us/op
WorkloadResult  25: 1024 op, 582262200.00 ns, 568.6154 us/op
WorkloadResult  26: 1024 op, 555191100.00 ns, 542.1788 us/op
WorkloadResult  27: 1024 op, 601126200.00 ns, 587.0373 us/op
WorkloadResult  28: 1024 op, 583746900.00 ns, 570.0653 us/op
WorkloadResult  29: 1024 op, 563446100.00 ns, 550.2403 us/op
WorkloadResult  30: 1024 op, 563469600.00 ns, 550.2633 us/op
WorkloadResult  31: 1024 op, 580705400.00 ns, 567.0951 us/op
WorkloadResult  32: 1024 op, 571122600.00 ns, 557.7369 us/op
WorkloadResult  33: 1024 op, 566001200.00 ns, 552.7355 us/op
WorkloadResult  34: 1024 op, 575761000.00 ns, 562.2666 us/op
WorkloadResult  35: 1024 op, 573904800.00 ns, 560.4539 us/op
WorkloadResult  36: 1024 op, 556109900.00 ns, 543.0761 us/op
WorkloadResult  37: 1024 op, 570338200.00 ns, 556.9709 us/op
WorkloadResult  38: 1024 op, 567507400.00 ns, 554.2064 us/op
WorkloadResult  39: 1024 op, 567300900.00 ns, 554.0048 us/op
WorkloadResult  40: 1024 op, 572529300.00 ns, 559.1106 us/op
WorkloadResult  41: 1024 op, 562223000.00 ns, 549.0459 us/op
WorkloadResult  42: 1024 op, 535494600.00 ns, 522.9439 us/op
WorkloadResult  43: 1024 op, 574459500.00 ns, 560.9956 us/op
WorkloadResult  44: 1024 op, 586928000.00 ns, 573.1719 us/op
[testcontainers.org 00:01:08.02] Delete Docker container a798f112ee47
WorkloadResult  45: 1024 op, 565569300.00 ns, 552.3138 us/op
WorkloadResult  46: 1024 op, 575792800.00 ns, 562.2977 us/op
WorkloadResult  47: 1024 op, 582483100.00 ns, 568.8312 us/op
WorkloadResult  48: 1024 op, 563283800.00 ns, 550.0818 us/op
WorkloadResult  49: 1024 op, 571760400.00 ns, 558.3598 us/op
WorkloadResult  50: 1024 op, 573086700.00 ns, 559.6550 us/op
WorkloadResult  51: 1024 op, 560641600.00 ns, 547.5016 us/op
WorkloadResult  52: 1024 op, 554437900.00 ns, 541.4433 us/op
WorkloadResult  53: 1024 op, 575189100.00 ns, 561.7081 us/op
WorkloadResult  54: 1024 op, 581352700.00 ns, 567.7272 us/op
WorkloadResult  55: 1024 op, 587022900.00 ns, 573.2646 us/op
WorkloadResult  56: 1024 op, 575601400.00 ns, 562.1107 us/op
WorkloadResult  57: 1024 op, 566919200.00 ns, 553.6320 us/op
WorkloadResult  58: 1024 op, 571736900.00 ns, 558.3368 us/op
WorkloadResult  59: 1024 op, 583801700.00 ns, 570.1188 us/op
WorkloadResult  60: 1024 op, 595937600.00 ns, 581.9703 us/op
WorkloadResult  61: 1024 op, 591534200.00 ns, 577.6701 us/op
WorkloadResult  62: 1024 op, 551204300.00 ns, 538.2854 us/op
WorkloadResult  63: 1024 op, 572723600.00 ns, 559.3004 us/op
WorkloadResult  64: 1024 op, 576330400.00 ns, 562.8227 us/op
WorkloadResult  65: 1024 op, 569111400.00 ns, 555.7729 us/op
WorkloadResult  66: 1024 op, 560812400.00 ns, 547.6684 us/op
WorkloadResult  67: 1024 op, 553874300.00 ns, 540.8929 us/op
WorkloadResult  68: 1024 op, 588580100.00 ns, 574.7853 us/op
WorkloadResult  69: 1024 op, 575371000.00 ns, 561.8857 us/op
WorkloadResult  70: 1024 op, 575950000.00 ns, 562.4512 us/op
WorkloadResult  71: 1024 op, 560341400.00 ns, 547.2084 us/op
WorkloadResult  72: 1024 op, 606793900.00 ns, 592.5722 us/op
WorkloadResult  73: 1024 op, 594184300.00 ns, 580.2581 us/op
WorkloadResult  74: 1024 op, 573897900.00 ns, 560.4472 us/op
WorkloadResult  75: 1024 op, 575142600.00 ns, 561.6627 us/op
WorkloadResult  76: 1024 op, 552165500.00 ns, 539.2241 us/op
WorkloadResult  77: 1024 op, 589907000.00 ns, 576.0811 us/op
WorkloadResult  78: 1024 op, 572981500.00 ns, 559.5522 us/op
WorkloadResult  79: 1024 op, 577880100.00 ns, 564.3360 us/op
WorkloadResult  80: 1024 op, 567308900.00 ns, 554.0126 us/op
WorkloadResult  81: 1024 op, 575844000.00 ns, 562.3477 us/op
WorkloadResult  82: 1024 op, 556138100.00 ns, 543.1036 us/op
WorkloadResult  83: 1024 op, 561069400.00 ns, 547.9193 us/op
WorkloadResult  84: 1024 op, 578003000.00 ns, 564.4561 us/op
WorkloadResult  85: 1024 op, 553512400.00 ns, 540.5395 us/op
WorkloadResult  86: 1024 op, 565116000.00 ns, 551.8711 us/op
WorkloadResult  87: 1024 op, 568778200.00 ns, 555.4475 us/op
WorkloadResult  88: 1024 op, 608382000.00 ns, 594.1230 us/op
WorkloadResult  89: 1024 op, 588668000.00 ns, 574.8711 us/op
WorkloadResult  90: 1024 op, 546038400.00 ns, 533.2406 us/op
WorkloadResult  91: 1024 op, 542888300.00 ns, 530.1644 us/op
WorkloadResult  92: 1024 op, 578824600.00 ns, 565.2584 us/op
WorkloadResult  93: 1024 op, 587498900.00 ns, 573.7294 us/op
WorkloadResult  94: 1024 op, 550942400.00 ns, 538.0297 us/op
// GC:  0 0 0 5321696 1024
// Threading:  6132 1 1024

// AfterAll
// Benchmark Process 8024 has exited with code 0.

Mean = 558.164 μs, StdErr = 1.507 μs (0.27%), N = 94, StdDev = 14.613 μs
Min = 522.944 μs, Q1 = 548.142 μs, Median = 559.140 μs, Q3 = 567.046 μs, Max = 594.123 μs
IQR = 18.904 μs, LowerFence = 519.786 μs, UpperFence = 595.402 μs
ConfidenceInterval = [553.042 μs; 563.286 μs] (CI 99.9%), Margin = 5.122 μs (0.92% of Mean)
Skewness = 0.11, Kurtosis = 2.89, MValue = 2

// ** Remained 3 (50,0 %) benchmark(s) to run. Estimated finish 2024-11-29 17:22 (0h 4m from now) **
Setup power plan (GUID: 8c5e7fda-e8bf-4a96-9a85-a6e23a8c635c FriendlyName: High performance)
// **************************
// Benchmark: Compare.DapperSelect: Job-OVQBKV(IterationCount=100, LaunchCount=1)
// *** Execute ***
// Launch: 1 / 1
// Execute: dotnet 264af6b0-4445-47ff-bc1d-1c6078a98047.dll --anonymousPipes 2020 2024 --benchmarkName Benchmark.Compare.Compare.DapperSelect --job "IterationCount=100, LaunchCount=1" --benchmarkId 3 in C:\Users\abcd2\OneDrive\Desktop\7-SEM-HIEU\lab_04\Benchmark\bin\Release\net8.0\264af6b0-4445-47ff-bc1d-1c6078a98047\bin\Release\net8.0
// BeforeAnythingElse

// Benchmark Process Environment Information:
// BenchmarkDotNet v0.14.0
// Runtime=.NET 8.0.8 (8.0.824.36612), X64 RyuJIT AVX-512F+CD+BW+DQ+VL+VBMI
// GC=Concurrent Workstation
// HardwareIntrinsics=AVX-512F+CD+BW+DQ+VL+VBMI,AES,BMI1,BMI2,FMA,LZCNT,PCLMUL,POPCNT VectorSize=256
// Job: Job-OZZRBZ(IterationCount=100, LaunchCount=1)

[testcontainers.org 00:00:00.14] Connected to Docker:
  Host: npipe://./pipe/docker_engine
  Server Version: 26.1.4
  Kernel Version: 5.15.153.1-microsoft-standard-WSL2
  API Version: 1.45
  Operating System: Docker Desktop
  Total Memory: 3.76 GB
  Labels: 
    com.docker.desktop.address=npipe://\\.\pipe\docker_cli
[testcontainers.org 00:00:00.29] Docker container 41cc8a73faf3 created
[testcontainers.org 00:00:00.33] Start Docker container 41cc8a73faf3
[testcontainers.org 00:00:01.65] Wait for Docker container 41cc8a73faf3 to complete readiness checks
[testcontainers.org 00:00:01.66] Docker container 41cc8a73faf3 ready
[testcontainers.org 00:00:01.72] Docker container 5c5ab3a62a4e created
[testcontainers.org 00:00:01.74] Start Docker container 5c5ab3a62a4e
[testcontainers.org 00:00:03.02] Wait for Docker container 5c5ab3a62a4e to complete readiness checks
[testcontainers.org 00:00:03.03] Execute "pg_isready --host localhost --dbname BENCHMARK_testdb --username postgres" at Docker container 5c5ab3a62a4e
[testcontainers.org 00:00:03.10] Docker container 5c5ab3a62a4e ready
OverheadJitting  1: 1 op, 242200.00 ns, 242.2000 us/op
WorkloadJitting  1: 1 op, 44456900.00 ns, 44.4569 ms/op

WorkloadPilot    1: 2 op, 4353500.00 ns, 2.1768 ms/op
WorkloadPilot    2: 3 op, 3535000.00 ns, 1.1783 ms/op
WorkloadPilot    3: 4 op, 3306700.00 ns, 826.6750 us/op
WorkloadPilot    4: 5 op, 3811600.00 ns, 762.3200 us/op
WorkloadPilot    5: 6 op, 3961400.00 ns, 660.2333 us/op
WorkloadPilot    6: 7 op, 4720000.00 ns, 674.2857 us/op
WorkloadPilot    7: 8 op, 5197400.00 ns, 649.6750 us/op
WorkloadPilot    8: 9 op, 6134800.00 ns, 681.6444 us/op
WorkloadPilot    9: 10 op, 6517900.00 ns, 651.7900 us/op
WorkloadPilot   10: 11 op, 7360800.00 ns, 669.1636 us/op
WorkloadPilot   11: 12 op, 8409900.00 ns, 700.8250 us/op
WorkloadPilot   12: 13 op, 8213900.00 ns, 631.8385 us/op
WorkloadPilot   13: 14 op, 8889700.00 ns, 634.9786 us/op
WorkloadPilot   14: 15 op, 8880800.00 ns, 592.0533 us/op
WorkloadPilot   15: 16 op, 9871000.00 ns, 616.9375 us/op
WorkloadPilot   16: 32 op, 18904000.00 ns, 590.7500 us/op
WorkloadPilot   17: 64 op, 36684100.00 ns, 573.1891 us/op
WorkloadPilot   18: 128 op, 74484300.00 ns, 581.9086 us/op
WorkloadPilot   19: 256 op, 155049800.00 ns, 605.6633 us/op
WorkloadPilot   20: 512 op, 296599600.00 ns, 579.2961 us/op
WorkloadPilot   21: 1024 op, 666954500.00 ns, 651.3228 us/op

WorkloadWarmup   1: 1024 op, 632420700.00 ns, 617.5983 us/op
WorkloadWarmup   2: 1024 op, 606131200.00 ns, 591.9250 us/op
WorkloadWarmup   3: 1024 op, 568295900.00 ns, 554.9765 us/op
WorkloadWarmup   4: 1024 op, 582636700.00 ns, 568.9812 us/op
WorkloadWarmup   5: 1024 op, 574999700.00 ns, 561.5231 us/op
WorkloadWarmup   6: 1024 op, 610308800.00 ns, 596.0047 us/op
WorkloadWarmup   7: 1024 op, 565938000.00 ns, 552.6738 us/op

// BeforeActualRun
WorkloadActual   1: 1024 op, 599881500.00 ns, 585.8218 us/op
WorkloadActual   2: 1024 op, 665796300.00 ns, 650.1917 us/op
WorkloadActual   3: 1024 op, 682033000.00 ns, 666.0479 us/op
WorkloadActual   4: 1024 op, 549550700.00 ns, 536.6706 us/op
WorkloadActual   5: 1024 op, 557570400.00 ns, 544.5023 us/op
WorkloadActual   6: 1024 op, 568998100.00 ns, 555.6622 us/op
WorkloadActual   7: 1024 op, 567013800.00 ns, 553.7244 us/op
WorkloadActual   8: 1024 op, 552893900.00 ns, 539.9354 us/op
WorkloadActual   9: 1024 op, 563648000.00 ns, 550.4375 us/op
WorkloadActual  10: 1024 op, 555672000.00 ns, 542.6484 us/op
WorkloadActual  11: 1024 op, 712917900.00 ns, 696.2089 us/op
WorkloadActual  12: 1024 op, 717618100.00 ns, 700.7989 us/op
WorkloadActual  13: 1024 op, 571641400.00 ns, 558.2436 us/op
WorkloadActual  14: 1024 op, 568220700.00 ns, 554.9030 us/op
WorkloadActual  15: 1024 op, 607057500.00 ns, 592.8296 us/op
WorkloadActual  16: 1024 op, 651199500.00 ns, 635.9370 us/op
WorkloadActual  17: 1024 op, 631111200.00 ns, 616.3195 us/op
WorkloadActual  18: 1024 op, 604029200.00 ns, 589.8723 us/op
WorkloadActual  19: 1024 op, 571848600.00 ns, 558.4459 us/op
WorkloadActual  20: 1024 op, 569035500.00 ns, 555.6987 us/op
WorkloadActual  21: 1024 op, 571410800.00 ns, 558.0184 us/op
WorkloadActual  22: 1024 op, 588414600.00 ns, 574.6236 us/op
WorkloadActual  23: 1024 op, 562959600.00 ns, 549.7652 us/op
WorkloadActual  24: 1024 op, 579151300.00 ns, 565.5774 us/op
WorkloadActual  25: 1024 op, 567821300.00 ns, 554.5130 us/op
WorkloadActual  26: 1024 op, 573094500.00 ns, 559.6626 us/op
WorkloadActual  27: 1024 op, 590122700.00 ns, 576.2917 us/op
WorkloadActual  28: 1024 op, 589415300.00 ns, 575.6009 us/op
WorkloadActual  29: 1024 op, 563672700.00 ns, 550.4616 us/op
WorkloadActual  30: 1024 op, 553735100.00 ns, 540.7569 us/op
WorkloadActual  31: 1024 op, 554795800.00 ns, 541.7928 us/op
WorkloadActual  32: 1024 op, 615615900.00 ns, 601.1874 us/op
WorkloadActual  33: 1024 op, 585200900.00 ns, 571.4853 us/op
WorkloadActual  34: 1024 op, 572166700.00 ns, 558.7565 us/op
WorkloadActual  35: 1024 op, 551944700.00 ns, 539.0085 us/op
WorkloadActual  36: 1024 op, 572785200.00 ns, 559.3605 us/op
WorkloadActual  37: 1024 op, 558161000.00 ns, 545.0791 us/op
WorkloadActual  38: 1024 op, 561971100.00 ns, 548.7999 us/op
WorkloadActual  39: 1024 op, 561066400.00 ns, 547.9164 us/op
WorkloadActual  40: 1024 op, 561624100.00 ns, 548.4610 us/op
WorkloadActual  41: 1024 op, 554861300.00 ns, 541.8567 us/op
WorkloadActual  42: 1024 op, 564120300.00 ns, 550.8987 us/op
WorkloadActual  43: 1024 op, 572518400.00 ns, 559.1000 us/op
WorkloadActual  44: 1024 op, 555817800.00 ns, 542.7908 us/op
WorkloadActual  45: 1024 op, 605169800.00 ns, 590.9861 us/op
WorkloadActual  46: 1024 op, 557472300.00 ns, 544.4065 us/op
WorkloadActual  47: 1024 op, 559131500.00 ns, 546.0269 us/op
WorkloadActual  48: 1024 op, 582322200.00 ns, 568.6740 us/op
WorkloadActual  49: 1024 op, 621649400.00 ns, 607.0795 us/op
WorkloadActual  50: 1024 op, 575599600.00 ns, 562.1090 us/op
WorkloadActual  51: 1024 op, 565052100.00 ns, 551.8087 us/op
WorkloadActual  52: 1024 op, 557120800.00 ns, 544.0633 us/op
WorkloadActual  53: 1024 op, 573328100.00 ns, 559.8907 us/op
WorkloadActual  54: 1024 op, 576684500.00 ns, 563.1685 us/op
WorkloadActual  55: 1024 op, 577518700.00 ns, 563.9831 us/op
WorkloadActual  56: 1024 op, 563422300.00 ns, 550.2171 us/op
WorkloadActual  57: 1024 op, 574161600.00 ns, 560.7047 us/op
WorkloadActual  58: 1024 op, 580217900.00 ns, 566.6190 us/op
WorkloadActual  59: 1024 op, 569865000.00 ns, 556.5088 us/op
WorkloadActual  60: 1024 op, 571776300.00 ns, 558.3753 us/op
WorkloadActual  61: 1024 op, 561047100.00 ns, 547.8976 us/op
WorkloadActual  62: 1024 op, 607616500.00 ns, 593.3755 us/op
WorkloadActual  63: 1024 op, 576288900.00 ns, 562.7821 us/op
WorkloadActual  64: 1024 op, 572223800.00 ns, 558.8123 us/op
WorkloadActual  65: 1024 op, 570782300.00 ns, 557.4046 us/op
WorkloadActual  66: 1024 op, 570050000.00 ns, 556.6895 us/op
WorkloadActual  67: 1024 op, 571133700.00 ns, 557.7478 us/op
WorkloadActual  68: 1024 op, 574690600.00 ns, 561.2213 us/op
WorkloadActual  69: 1024 op, 571461800.00 ns, 558.0682 us/op
WorkloadActual  70: 1024 op, 564562100.00 ns, 551.3302 us/op
WorkloadActual  71: 1024 op, 577308900.00 ns, 563.7782 us/op
WorkloadActual  72: 1024 op, 585773500.00 ns, 572.0444 us/op
WorkloadActual  73: 1024 op, 568994300.00 ns, 555.6585 us/op
WorkloadActual  74: 1024 op, 565038600.00 ns, 551.7955 us/op
WorkloadActual  75: 1024 op, 561579200.00 ns, 548.4172 us/op
WorkloadActual  76: 1024 op, 565169300.00 ns, 551.9231 us/op
WorkloadActual  77: 1024 op, 557485200.00 ns, 544.4191 us/op
WorkloadActual  78: 1024 op, 589482400.00 ns, 575.6664 us/op
WorkloadActual  79: 1024 op, 623102400.00 ns, 608.4984 us/op
WorkloadActual  80: 1024 op, 566633600.00 ns, 553.3531 us/op
WorkloadActual  81: 1024 op, 573154700.00 ns, 559.7214 us/op
WorkloadActual  82: 1024 op, 557137900.00 ns, 544.0800 us/op
WorkloadActual  83: 1024 op, 563297700.00 ns, 550.0954 us/op
WorkloadActual  84: 1024 op, 605776000.00 ns, 591.5781 us/op
WorkloadActual  85: 1024 op, 562653600.00 ns, 549.4664 us/op
WorkloadActual  86: 1024 op, 568635400.00 ns, 555.3080 us/op
WorkloadActual  87: 1024 op, 557300300.00 ns, 544.2386 us/op
WorkloadActual  88: 1024 op, 562619900.00 ns, 549.4335 us/op
WorkloadActual  89: 1024 op, 587312100.00 ns, 573.5470 us/op
WorkloadActual  90: 1024 op, 558498000.00 ns, 545.4082 us/op
WorkloadActual  91: 1024 op, 558410300.00 ns, 545.3226 us/op
WorkloadActual  92: 1024 op, 551011100.00 ns, 538.0968 us/op
WorkloadActual  93: 1024 op, 557382500.00 ns, 544.3188 us/op
WorkloadActual  94: 1024 op, 558697000.00 ns, 545.6025 us/op
WorkloadActual  95: 1024 op, 557465500.00 ns, 544.3999 us/op
WorkloadActual  96: 1024 op, 562706100.00 ns, 549.5177 us/op
WorkloadActual  97: 1024 op, 630374200.00 ns, 615.5998 us/op
WorkloadActual  98: 1024 op, 569928600.00 ns, 556.5709 us/op
WorkloadActual  99: 1024 op, 565391900.00 ns, 552.1405 us/op
WorkloadActual  100: 1024 op, 581323400.00 ns, 567.6986 us/op

// AfterActualRun
WorkloadResult   1: 1024 op, 599881500.00 ns, 585.8218 us/op
WorkloadResult   2: 1024 op, 549550700.00 ns, 536.6706 us/op
WorkloadResult   3: 1024 op, 557570400.00 ns, 544.5023 us/op
WorkloadResult   4: 1024 op, 568998100.00 ns, 555.6622 us/op
WorkloadResult   5: 1024 op, 567013800.00 ns, 553.7244 us/op
WorkloadResult   6: 1024 op, 552893900.00 ns, 539.9354 us/op
WorkloadResult   7: 1024 op, 563648000.00 ns, 550.4375 us/op
WorkloadResult   8: 1024 op, 555672000.00 ns, 542.6484 us/op
WorkloadResult   9: 1024 op, 571641400.00 ns, 558.2436 us/op
WorkloadResult  10: 1024 op, 568220700.00 ns, 554.9030 us/op
WorkloadResult  11: 1024 op, 607057500.00 ns, 592.8296 us/op
WorkloadResult  12: 1024 op, 604029200.00 ns, 589.8723 us/op
WorkloadResult  13: 1024 op, 571848600.00 ns, 558.4459 us/op
WorkloadResult  14: 1024 op, 569035500.00 ns, 555.6987 us/op
WorkloadResult  15: 1024 op, 571410800.00 ns, 558.0184 us/op
WorkloadResult  16: 1024 op, 588414600.00 ns, 574.6236 us/op
WorkloadResult  17: 1024 op, 562959600.00 ns, 549.7652 us/op
WorkloadResult  18: 1024 op, 579151300.00 ns, 565.5774 us/op
WorkloadResult  19: 1024 op, 567821300.00 ns, 554.5130 us/op
WorkloadResult  20: 1024 op, 573094500.00 ns, 559.6626 us/op
WorkloadResult  21: 1024 op, 590122700.00 ns, 576.2917 us/op
WorkloadResult  22: 1024 op, 589415300.00 ns, 575.6009 us/op
WorkloadResult  23: 1024 op, 563672700.00 ns, 550.4616 us/op
WorkloadResult  24: 1024 op, 553735100.00 ns, 540.7569 us/op
WorkloadResult  25: 1024 op, 554795800.00 ns, 541.7928 us/op
WorkloadResult  26: 1024 op, 585200900.00 ns, 571.4853 us/op
WorkloadResult  27: 1024 op, 572166700.00 ns, 558.7565 us/op
WorkloadResult  28: 1024 op, 551944700.00 ns, 539.0085 us/op
WorkloadResult  29: 1024 op, 572785200.00 ns, 559.3605 us/op
WorkloadResult  30: 1024 op, 558161000.00 ns, 545.0791 us/op
WorkloadResult  31: 1024 op, 561971100.00 ns, 548.7999 us/op
WorkloadResult  32: 1024 op, 561066400.00 ns, 547.9164 us/op
WorkloadResult  33: 1024 op, 561624100.00 ns, 548.4610 us/op
WorkloadResult  34: 1024 op, 554861300.00 ns, 541.8567 us/op
WorkloadResult  35: 1024 op, 564120300.00 ns, 550.8987 us/op
WorkloadResult  36: 1024 op, 572518400.00 ns, 559.1000 us/op
WorkloadResult  37: 1024 op, 555817800.00 ns, 542.7908 us/op
WorkloadResult  38: 1024 op, 605169800.00 ns, 590.9861 us/op
WorkloadResult  39: 1024 op, 557472300.00 ns, 544.4065 us/op
WorkloadResult  40: 1024 op, 559131500.00 ns, 546.0269 us/op
WorkloadResult  41: 1024 op, 582322200.00 ns, 568.6740 us/op
WorkloadResult  42: 1024 op, 575599600.00 ns, 562.1090 us/op
WorkloadResult  43: 1024 op, 565052100.00 ns, 551.8087 us/op
WorkloadResult  44: 1024 op, 557120800.00 ns, 544.0633 us/op
WorkloadResult  45: 1024 op, 573328100.00 ns, 559.8907 us/op
WorkloadResult  46: 1024 op, 576684500.00 ns, 563.1685 us/op
[testcontainers.org 00:01:08.31] Delete Docker container 5c5ab3a62a4e
WorkloadResult  47: 1024 op, 577518700.00 ns, 563.9831 us/op
WorkloadResult  48: 1024 op, 563422300.00 ns, 550.2171 us/op
WorkloadResult  49: 1024 op, 574161600.00 ns, 560.7047 us/op
WorkloadResult  50: 1024 op, 580217900.00 ns, 566.6190 us/op
WorkloadResult  51: 1024 op, 569865000.00 ns, 556.5088 us/op
WorkloadResult  52: 1024 op, 571776300.00 ns, 558.3753 us/op
WorkloadResult  53: 1024 op, 561047100.00 ns, 547.8976 us/op
WorkloadResult  54: 1024 op, 607616500.00 ns, 593.3755 us/op
WorkloadResult  55: 1024 op, 576288900.00 ns, 562.7821 us/op
WorkloadResult  56: 1024 op, 572223800.00 ns, 558.8123 us/op
WorkloadResult  57: 1024 op, 570782300.00 ns, 557.4046 us/op
WorkloadResult  58: 1024 op, 570050000.00 ns, 556.6895 us/op
WorkloadResult  59: 1024 op, 571133700.00 ns, 557.7478 us/op
WorkloadResult  60: 1024 op, 574690600.00 ns, 561.2213 us/op
WorkloadResult  61: 1024 op, 571461800.00 ns, 558.0682 us/op
WorkloadResult  62: 1024 op, 564562100.00 ns, 551.3302 us/op
WorkloadResult  63: 1024 op, 577308900.00 ns, 563.7782 us/op
WorkloadResult  64: 1024 op, 585773500.00 ns, 572.0444 us/op
WorkloadResult  65: 1024 op, 568994300.00 ns, 555.6585 us/op
WorkloadResult  66: 1024 op, 565038600.00 ns, 551.7955 us/op
WorkloadResult  67: 1024 op, 561579200.00 ns, 548.4172 us/op
WorkloadResult  68: 1024 op, 565169300.00 ns, 551.9231 us/op
WorkloadResult  69: 1024 op, 557485200.00 ns, 544.4191 us/op
WorkloadResult  70: 1024 op, 589482400.00 ns, 575.6664 us/op
WorkloadResult  71: 1024 op, 566633600.00 ns, 553.3531 us/op
WorkloadResult  72: 1024 op, 573154700.00 ns, 559.7214 us/op
WorkloadResult  73: 1024 op, 557137900.00 ns, 544.0800 us/op
WorkloadResult  74: 1024 op, 563297700.00 ns, 550.0954 us/op
WorkloadResult  75: 1024 op, 605776000.00 ns, 591.5781 us/op
WorkloadResult  76: 1024 op, 562653600.00 ns, 549.4664 us/op
WorkloadResult  77: 1024 op, 568635400.00 ns, 555.3080 us/op
WorkloadResult  78: 1024 op, 557300300.00 ns, 544.2386 us/op
WorkloadResult  79: 1024 op, 562619900.00 ns, 549.4335 us/op
WorkloadResult  80: 1024 op, 587312100.00 ns, 573.5470 us/op
WorkloadResult  81: 1024 op, 558498000.00 ns, 545.4082 us/op
WorkloadResult  82: 1024 op, 558410300.00 ns, 545.3226 us/op
WorkloadResult  83: 1024 op, 551011100.00 ns, 538.0968 us/op
WorkloadResult  84: 1024 op, 557382500.00 ns, 544.3188 us/op
WorkloadResult  85: 1024 op, 558697000.00 ns, 545.6025 us/op
WorkloadResult  86: 1024 op, 557465500.00 ns, 544.3999 us/op
WorkloadResult  87: 1024 op, 562706100.00 ns, 549.5177 us/op
WorkloadResult  88: 1024 op, 569928600.00 ns, 556.5709 us/op
WorkloadResult  89: 1024 op, 565391900.00 ns, 552.1405 us/op
WorkloadResult  90: 1024 op, 581323400.00 ns, 567.6986 us/op
// GC:  0 0 0 4729168 1024
// Threading:  6120 2 1024

// AfterAll
// Benchmark Process 21212 has exited with code 0.

Mean = 556.627 μs, StdErr = 1.373 μs (0.25%), N = 90, StdDev = 13.025 μs
Min = 536.671 μs, Q1 = 547.902 μs, Median = 555.106 μs, Q3 = 561.092 μs, Max = 593.375 μs
IQR = 13.190 μs, LowerFence = 528.117 μs, UpperFence = 580.877 μs
ConfidenceInterval = [551.955 μs; 561.300 μs] (CI 99.9%), Margin = 4.673 μs (0.84% of Mean)
Skewness = 1.1, Kurtosis = 3.91, MValue = 2

// ** Remained 2 (33,3 %) benchmark(s) to run. Estimated finish 2024-11-29 17:22 (0h 2m from now) **
Setup power plan (GUID: 8c5e7fda-e8bf-4a96-9a85-a6e23a8c635c FriendlyName: High performance)
// **************************
// Benchmark: Compare.EfCoreSelect: Job-OVQBKV(IterationCount=100, LaunchCount=1)
// *** Execute ***
// Launch: 1 / 1
// Execute: dotnet 264af6b0-4445-47ff-bc1d-1c6078a98047.dll --anonymousPipes 2012 1836 --benchmarkName Benchmark.Compare.Compare.EfCoreSelect --job "IterationCount=100, LaunchCount=1" --benchmarkId 4 in C:\Users\abcd2\OneDrive\Desktop\7-SEM-HIEU\lab_04\Benchmark\bin\Release\net8.0\264af6b0-4445-47ff-bc1d-1c6078a98047\bin\Release\net8.0
// BeforeAnythingElse

// Benchmark Process Environment Information:
// BenchmarkDotNet v0.14.0
// Runtime=.NET 8.0.8 (8.0.824.36612), X64 RyuJIT AVX-512F+CD+BW+DQ+VL+VBMI
// GC=Concurrent Workstation
// HardwareIntrinsics=AVX-512F+CD+BW+DQ+VL+VBMI,AES,BMI1,BMI2,FMA,LZCNT,PCLMUL,POPCNT VectorSize=256
// Job: Job-FQCZUE(IterationCount=100, LaunchCount=1)

[testcontainers.org 00:00:00.14] Connected to Docker:
  Host: npipe://./pipe/docker_engine
  Server Version: 26.1.4
  Kernel Version: 5.15.153.1-microsoft-standard-WSL2
  API Version: 1.45
  Operating System: Docker Desktop
  Total Memory: 3.76 GB
  Labels: 
    com.docker.desktop.address=npipe://\\.\pipe\docker_cli
[testcontainers.org 00:00:00.29] Docker container d03d3f396853 created
[testcontainers.org 00:00:00.33] Start Docker container d03d3f396853
[testcontainers.org 00:00:01.65] Wait for Docker container d03d3f396853 to complete readiness checks
[testcontainers.org 00:00:01.66] Docker container d03d3f396853 ready
[testcontainers.org 00:00:01.72] Docker container daa310fa3b93 created
[testcontainers.org 00:00:01.74] Start Docker container daa310fa3b93
[testcontainers.org 00:00:04.15] Wait for Docker container daa310fa3b93 to complete readiness checks
[testcontainers.org 00:00:04.16] Execute "pg_isready --host localhost --dbname BENCHMARK_testdb --username postgres" at Docker container daa310fa3b93
[testcontainers.org 00:00:05.24] Execute "pg_isready --host localhost --dbname BENCHMARK_testdb --username postgres" at Docker container daa310fa3b93
[testcontainers.org 00:00:05.29] Docker container daa310fa3b93 ready
OverheadJitting  1: 1 op, 228500.00 ns, 228.5000 us/op
WorkloadJitting  1: 1 op, 521766100.00 ns, 521.7661 ms/op

OverheadJitting  2: 1 op, 500.00 ns, 500.0000 ns/op
WorkloadJitting  2: 1 op, 16283400.00 ns, 16.2834 ms/op

OverheadJitting  3: 16 op, 488500.00 ns, 30.5313 us/op
WorkloadJitting  3: 16 op, 53707400.00 ns, 3.3567 ms/op

WorkloadPilot    1: 16 op, 17085100.00 ns, 1.0678 ms/op
WorkloadPilot    2: 32 op, 32868300.00 ns, 1.0271 ms/op
WorkloadPilot    3: 64 op, 66383500.00 ns, 1.0372 ms/op
WorkloadPilot    4: 128 op, 180622400.00 ns, 1.4111 ms/op
WorkloadPilot    5: 256 op, 253901700.00 ns, 991.8035 us/op
WorkloadPilot    6: 512 op, 491017500.00 ns, 959.0186 us/op
WorkloadPilot    7: 1024 op, 966408000.00 ns, 943.7578 us/op

OverheadWarmup   1: 1024 op, 6200.00 ns, 6.0547 ns/op
OverheadWarmup   2: 1024 op, 4800.00 ns, 4.6875 ns/op
OverheadWarmup   3: 1024 op, 6300.00 ns, 6.1523 ns/op
OverheadWarmup   4: 1024 op, 4800.00 ns, 4.6875 ns/op
OverheadWarmup   5: 1024 op, 4700.00 ns, 4.5898 ns/op
OverheadWarmup   6: 1024 op, 4500.00 ns, 4.3945 ns/op
OverheadWarmup   7: 1024 op, 4600.00 ns, 4.4922 ns/op
OverheadWarmup   8: 1024 op, 4700.00 ns, 4.5898 ns/op
OverheadWarmup   9: 1024 op, 4800.00 ns, 4.6875 ns/op
OverheadWarmup  10: 1024 op, 5000.00 ns, 4.8828 ns/op

OverheadActual   1: 1024 op, 4900.00 ns, 4.7852 ns/op
OverheadActual   2: 1024 op, 4700.00 ns, 4.5898 ns/op
OverheadActual   3: 1024 op, 5100.00 ns, 4.9805 ns/op
OverheadActual   4: 1024 op, 5000.00 ns, 4.8828 ns/op
OverheadActual   5: 1024 op, 4700.00 ns, 4.5898 ns/op
OverheadActual   6: 1024 op, 4800.00 ns, 4.6875 ns/op
OverheadActual   7: 1024 op, 5200.00 ns, 5.0781 ns/op
OverheadActual   8: 1024 op, 4500.00 ns, 4.3945 ns/op
OverheadActual   9: 1024 op, 4700.00 ns, 4.5898 ns/op
OverheadActual  10: 1024 op, 4700.00 ns, 4.5898 ns/op
OverheadActual  11: 1024 op, 4900.00 ns, 4.7852 ns/op
OverheadActual  12: 1024 op, 4500.00 ns, 4.3945 ns/op
OverheadActual  13: 1024 op, 4900.00 ns, 4.7852 ns/op
OverheadActual  14: 1024 op, 6300.00 ns, 6.1523 ns/op
OverheadActual  15: 1024 op, 5100.00 ns, 4.9805 ns/op
OverheadActual  16: 1024 op, 5700.00 ns, 5.5664 ns/op
OverheadActual  17: 1024 op, 4900.00 ns, 4.7852 ns/op
OverheadActual  18: 1024 op, 6200.00 ns, 6.0547 ns/op
OverheadActual  19: 1024 op, 5400.00 ns, 5.2734 ns/op
OverheadActual  20: 1024 op, 4700.00 ns, 4.5898 ns/op

WorkloadWarmup   1: 1024 op, 757885200.00 ns, 740.1223 us/op
WorkloadWarmup   2: 1024 op, 679998500.00 ns, 664.0610 us/op
WorkloadWarmup   3: 1024 op, 704646900.00 ns, 688.1317 us/op
WorkloadWarmup   4: 1024 op, 663985900.00 ns, 648.4237 us/op
WorkloadWarmup   5: 1024 op, 732548700.00 ns, 715.3796 us/op
WorkloadWarmup   6: 1024 op, 753747600.00 ns, 736.0816 us/op
WorkloadWarmup   7: 1024 op, 794966600.00 ns, 776.3346 us/op
WorkloadWarmup   8: 1024 op, 732413600.00 ns, 715.2477 us/op

// BeforeActualRun
WorkloadActual   1: 1024 op, 732070900.00 ns, 714.9130 us/op
WorkloadActual   2: 1024 op, 717108000.00 ns, 700.3008 us/op
WorkloadActual   3: 1024 op, 783050200.00 ns, 764.6975 us/op
WorkloadActual   4: 1024 op, 719950900.00 ns, 703.0771 us/op
WorkloadActual   5: 1024 op, 709723400.00 ns, 693.0893 us/op
WorkloadActual   6: 1024 op, 728270900.00 ns, 711.2021 us/op
WorkloadActual   7: 1024 op, 794169800.00 ns, 775.5564 us/op
WorkloadActual   8: 1024 op, 763331800.00 ns, 745.4412 us/op
WorkloadActual   9: 1024 op, 739942700.00 ns, 722.6003 us/op
WorkloadActual  10: 1024 op, 712174400.00 ns, 695.4828 us/op
WorkloadActual  11: 1024 op, 719072800.00 ns, 702.2195 us/op
WorkloadActual  12: 1024 op, 721195400.00 ns, 704.2924 us/op
WorkloadActual  13: 1024 op, 718615600.00 ns, 701.7730 us/op
WorkloadActual  14: 1024 op, 713288800.00 ns, 696.5711 us/op
WorkloadActual  15: 1024 op, 736649800.00 ns, 719.3846 us/op
WorkloadActual  16: 1024 op, 717617300.00 ns, 700.7981 us/op
WorkloadActual  17: 1024 op, 740937800.00 ns, 723.5721 us/op
WorkloadActual  18: 1024 op, 695887400.00 ns, 679.5775 us/op
WorkloadActual  19: 1024 op, 726831500.00 ns, 709.7964 us/op
WorkloadActual  20: 1024 op, 773611500.00 ns, 755.4800 us/op
WorkloadActual  21: 1024 op, 733573600.00 ns, 716.3805 us/op
WorkloadActual  22: 1024 op, 711155700.00 ns, 694.4880 us/op
WorkloadActual  23: 1024 op, 736153500.00 ns, 718.8999 us/op
WorkloadActual  24: 1024 op, 706435400.00 ns, 689.8783 us/op
WorkloadActual  25: 1024 op, 704060900.00 ns, 687.5595 us/op
WorkloadActual  26: 1024 op, 712901500.00 ns, 696.1929 us/op
WorkloadActual  27: 1024 op, 727255400.00 ns, 710.2104 us/op
WorkloadActual  28: 1024 op, 738163600.00 ns, 720.8629 us/op
WorkloadActual  29: 1024 op, 730181200.00 ns, 713.0676 us/op
WorkloadActual  30: 1024 op, 744561500.00 ns, 727.1108 us/op
WorkloadActual  31: 1024 op, 740351000.00 ns, 722.9990 us/op
WorkloadActual  32: 1024 op, 724476900.00 ns, 707.4970 us/op
WorkloadActual  33: 1024 op, 693017800.00 ns, 676.7752 us/op
WorkloadActual  34: 1024 op, 763561900.00 ns, 745.6659 us/op
WorkloadActual  35: 1024 op, 741968500.00 ns, 724.5786 us/op
WorkloadActual  36: 1024 op, 731423400.00 ns, 714.2807 us/op
WorkloadActual  37: 1024 op, 717877700.00 ns, 701.0524 us/op
WorkloadActual  38: 1024 op, 697574100.00 ns, 681.2247 us/op
WorkloadActual  39: 1024 op, 718757000.00 ns, 701.9111 us/op
WorkloadActual  40: 1024 op, 730776300.00 ns, 713.6487 us/op
WorkloadActual  41: 1024 op, 702733500.00 ns, 686.2632 us/op
WorkloadActual  42: 1024 op, 705758400.00 ns, 689.2172 us/op
WorkloadActual  43: 1024 op, 744571600.00 ns, 727.1207 us/op
WorkloadActual  44: 1024 op, 769996400.00 ns, 751.9496 us/op
WorkloadActual  45: 1024 op, 714602200.00 ns, 697.8537 us/op
WorkloadActual  46: 1024 op, 720500800.00 ns, 703.6141 us/op
WorkloadActual  47: 1024 op, 742668900.00 ns, 725.2626 us/op
WorkloadActual  48: 1024 op, 728488400.00 ns, 711.4145 us/op
WorkloadActual  49: 1024 op, 715609700.00 ns, 698.8376 us/op
WorkloadActual  50: 1024 op, 709644700.00 ns, 693.0124 us/op
WorkloadActual  51: 1024 op, 723348300.00 ns, 706.3948 us/op
WorkloadActual  52: 1024 op, 723401300.00 ns, 706.4466 us/op
WorkloadActual  53: 1024 op, 704613800.00 ns, 688.0994 us/op
WorkloadActual  54: 1024 op, 714249300.00 ns, 697.5091 us/op
WorkloadActual  55: 1024 op, 723429200.00 ns, 706.4738 us/op
WorkloadActual  56: 1024 op, 726533200.00 ns, 709.5051 us/op
WorkloadActual  57: 1024 op, 765898700.00 ns, 747.9479 us/op
WorkloadActual  58: 1024 op, 712369200.00 ns, 695.6730 us/op
WorkloadActual  59: 1024 op, 709977600.00 ns, 693.3375 us/op
WorkloadActual  60: 1024 op, 746027300.00 ns, 728.5423 us/op
WorkloadActual  61: 1024 op, 773642500.00 ns, 755.5103 us/op
WorkloadActual  62: 1024 op, 744844300.00 ns, 727.3870 us/op
WorkloadActual  63: 1024 op, 726155700.00 ns, 709.1364 us/op
WorkloadActual  64: 1024 op, 713205100.00 ns, 696.4894 us/op
WorkloadActual  65: 1024 op, 709101400.00 ns, 692.4818 us/op
WorkloadActual  66: 1024 op, 705782400.00 ns, 689.2406 us/op
WorkloadActual  67: 1024 op, 703600500.00 ns, 687.1099 us/op
WorkloadActual  68: 1024 op, 736780100.00 ns, 719.5118 us/op
WorkloadActual  69: 1024 op, 726812800.00 ns, 709.7781 us/op
WorkloadActual  70: 1024 op, 710189400.00 ns, 693.5443 us/op
WorkloadActual  71: 1024 op, 762400200.00 ns, 744.5314 us/op
WorkloadActual  72: 1024 op, 749317900.00 ns, 731.7558 us/op
WorkloadActual  73: 1024 op, 711013600.00 ns, 694.3492 us/op
WorkloadActual  74: 1024 op, 738321500.00 ns, 721.0171 us/op
WorkloadActual  75: 1024 op, 709597900.00 ns, 692.9667 us/op
WorkloadActual  76: 1024 op, 729445100.00 ns, 712.3487 us/op
WorkloadActual  77: 1024 op, 734460200.00 ns, 717.2463 us/op
WorkloadActual  78: 1024 op, 705809800.00 ns, 689.2674 us/op
WorkloadActual  79: 1024 op, 722128000.00 ns, 705.2031 us/op
WorkloadActual  80: 1024 op, 722402800.00 ns, 705.4715 us/op
WorkloadActual  81: 1024 op, 718062700.00 ns, 701.2331 us/op
WorkloadActual  82: 1024 op, 716931600.00 ns, 700.1285 us/op
WorkloadActual  83: 1024 op, 718859900.00 ns, 702.0116 us/op
WorkloadActual  84: 1024 op, 869000200.00 ns, 848.6330 us/op
WorkloadActual  85: 1024 op, 723634900.00 ns, 706.6747 us/op
WorkloadActual  86: 1024 op, 687824000.00 ns, 671.7031 us/op
WorkloadActual  87: 1024 op, 695111300.00 ns, 678.8196 us/op
WorkloadActual  88: 1024 op, 786225500.00 ns, 767.7983 us/op
WorkloadActual  89: 1024 op, 902559300.00 ns, 881.4056 us/op
WorkloadActual  90: 1024 op, 830559600.00 ns, 811.0934 us/op
WorkloadActual  91: 1024 op, 857746400.00 ns, 837.6430 us/op
WorkloadActual  92: 1024 op, 799619900.00 ns, 780.8788 us/op
WorkloadActual  93: 1024 op, 766811300.00 ns, 748.8392 us/op
WorkloadActual  94: 1024 op, 703890600.00 ns, 687.3932 us/op
WorkloadActual  95: 1024 op, 757790900.00 ns, 740.0302 us/op
WorkloadActual  96: 1024 op, 721705300.00 ns, 704.7903 us/op
WorkloadActual  97: 1024 op, 766335900.00 ns, 748.3749 us/op
WorkloadActual  98: 1024 op, 726387400.00 ns, 709.3627 us/op
WorkloadActual  99: 1024 op, 706899200.00 ns, 690.3313 us/op
WorkloadActual  100: 1024 op, 761435300.00 ns, 743.5892 us/op

// AfterActualRun
WorkloadResult   1: 1024 op, 732066000.00 ns, 714.9082 us/op
WorkloadResult   2: 1024 op, 717103100.00 ns, 700.2960 us/op
WorkloadResult   3: 1024 op, 783045300.00 ns, 764.6927 us/op
WorkloadResult   4: 1024 op, 719946000.00 ns, 703.0723 us/op
WorkloadResult   5: 1024 op, 709718500.00 ns, 693.0845 us/op
WorkloadResult   6: 1024 op, 728266000.00 ns, 711.1973 us/op
WorkloadResult   7: 1024 op, 763326900.00 ns, 745.4364 us/op
WorkloadResult   8: 1024 op, 739937800.00 ns, 722.5955 us/op
WorkloadResult   9: 1024 op, 712169500.00 ns, 695.4780 us/op
WorkloadResult  10: 1024 op, 719067900.00 ns, 702.2147 us/op
WorkloadResult  11: 1024 op, 721190500.00 ns, 704.2876 us/op
WorkloadResult  12: 1024 op, 718610700.00 ns, 701.7683 us/op
WorkloadResult  13: 1024 op, 713283900.00 ns, 696.5663 us/op
WorkloadResult  14: 1024 op, 736644900.00 ns, 719.3798 us/op
WorkloadResult  15: 1024 op, 717612400.00 ns, 700.7934 us/op
WorkloadResult  16: 1024 op, 740932900.00 ns, 723.5673 us/op
WorkloadResult  17: 1024 op, 695882500.00 ns, 679.5728 us/op
WorkloadResult  18: 1024 op, 726826600.00 ns, 709.7916 us/op
WorkloadResult  19: 1024 op, 773606600.00 ns, 755.4752 us/op
WorkloadResult  20: 1024 op, 733568700.00 ns, 716.3757 us/op
WorkloadResult  21: 1024 op, 711150800.00 ns, 694.4832 us/op
WorkloadResult  22: 1024 op, 736148600.00 ns, 718.8951 us/op
WorkloadResult  23: 1024 op, 706430500.00 ns, 689.8735 us/op
WorkloadResult  24: 1024 op, 704056000.00 ns, 687.5547 us/op
WorkloadResult  25: 1024 op, 712896600.00 ns, 696.1881 us/op
WorkloadResult  26: 1024 op, 727250500.00 ns, 710.2056 us/op
WorkloadResult  27: 1024 op, 738158700.00 ns, 720.8581 us/op
WorkloadResult  28: 1024 op, 730176300.00 ns, 713.0628 us/op
WorkloadResult  29: 1024 op, 744556600.00 ns, 727.1061 us/op
WorkloadResult  30: 1024 op, 740346100.00 ns, 722.9942 us/op
WorkloadResult  31: 1024 op, 724472000.00 ns, 707.4922 us/op
WorkloadResult  32: 1024 op, 693012900.00 ns, 676.7704 us/op
WorkloadResult  33: 1024 op, 763557000.00 ns, 745.6611 us/op
WorkloadResult  34: 1024 op, 741963600.00 ns, 724.5738 us/op
WorkloadResult  35: 1024 op, 731418500.00 ns, 714.2759 us/op
WorkloadResult  36: 1024 op, 717872800.00 ns, 701.0477 us/op
WorkloadResult  37: 1024 op, 697569200.00 ns, 681.2199 us/op
WorkloadResult  38: 1024 op, 718752100.00 ns, 701.9063 us/op
WorkloadResult  39: 1024 op, 730771400.00 ns, 713.6439 us/op
WorkloadResult  40: 1024 op, 702728600.00 ns, 686.2584 us/op
WorkloadResult  41: 1024 op, 705753500.00 ns, 689.2124 us/op
WorkloadResult  42: 1024 op, 744566700.00 ns, 727.1159 us/op
WorkloadResult  43: 1024 op, 769991500.00 ns, 751.9448 us/op
[testcontainers.org 00:01:29.82] Delete Docker container daa310fa3b93
WorkloadResult  44: 1024 op, 714597300.00 ns, 697.8489 us/op
WorkloadResult  45: 1024 op, 720495900.00 ns, 703.6093 us/op
WorkloadResult  46: 1024 op, 742664000.00 ns, 725.2578 us/op
WorkloadResult  47: 1024 op, 728483500.00 ns, 711.4097 us/op
WorkloadResult  48: 1024 op, 715604800.00 ns, 698.8328 us/op
WorkloadResult  49: 1024 op, 709639800.00 ns, 693.0076 us/op
WorkloadResult  50: 1024 op, 723343400.00 ns, 706.3900 us/op
WorkloadResult  51: 1024 op, 723396400.00 ns, 706.4418 us/op
WorkloadResult  52: 1024 op, 704608900.00 ns, 688.0946 us/op
WorkloadResult  53: 1024 op, 714244400.00 ns, 697.5043 us/op
WorkloadResult  54: 1024 op, 723424300.00 ns, 706.4690 us/op
WorkloadResult  55: 1024 op, 726528300.00 ns, 709.5003 us/op
WorkloadResult  56: 1024 op, 765893800.00 ns, 747.9432 us/op
WorkloadResult  57: 1024 op, 712364300.00 ns, 695.6683 us/op
WorkloadResult  58: 1024 op, 709972700.00 ns, 693.3327 us/op
WorkloadResult  59: 1024 op, 746022400.00 ns, 728.5375 us/op
WorkloadResult  60: 1024 op, 773637600.00 ns, 755.5055 us/op
WorkloadResult  61: 1024 op, 744839400.00 ns, 727.3822 us/op
WorkloadResult  62: 1024 op, 726150800.00 ns, 709.1316 us/op
WorkloadResult  63: 1024 op, 713200200.00 ns, 696.4846 us/op
WorkloadResult  64: 1024 op, 709096500.00 ns, 692.4771 us/op
WorkloadResult  65: 1024 op, 705777500.00 ns, 689.2358 us/op
WorkloadResult  66: 1024 op, 703595600.00 ns, 687.1051 us/op
WorkloadResult  67: 1024 op, 736775200.00 ns, 719.5070 us/op
WorkloadResult  68: 1024 op, 726807900.00 ns, 709.7733 us/op
WorkloadResult  69: 1024 op, 710184500.00 ns, 693.5396 us/op
WorkloadResult  70: 1024 op, 762395300.00 ns, 744.5267 us/op
WorkloadResult  71: 1024 op, 749313000.00 ns, 731.7510 us/op
WorkloadResult  72: 1024 op, 711008700.00 ns, 694.3444 us/op
WorkloadResult  73: 1024 op, 738316600.00 ns, 721.0123 us/op
WorkloadResult  74: 1024 op, 709593000.00 ns, 692.9619 us/op
WorkloadResult  75: 1024 op, 729440200.00 ns, 712.3439 us/op
WorkloadResult  76: 1024 op, 734455300.00 ns, 717.2415 us/op
WorkloadResult  77: 1024 op, 705804900.00 ns, 689.2626 us/op
WorkloadResult  78: 1024 op, 722123100.00 ns, 705.1983 us/op
WorkloadResult  79: 1024 op, 722397900.00 ns, 705.4667 us/op
WorkloadResult  80: 1024 op, 718057800.00 ns, 701.2283 us/op
WorkloadResult  81: 1024 op, 716926700.00 ns, 700.1237 us/op
WorkloadResult  82: 1024 op, 718855000.00 ns, 702.0068 us/op
WorkloadResult  83: 1024 op, 723630000.00 ns, 706.6699 us/op
WorkloadResult  84: 1024 op, 687819100.00 ns, 671.6983 us/op
WorkloadResult  85: 1024 op, 695106400.00 ns, 678.8148 us/op
WorkloadResult  86: 1024 op, 766806400.00 ns, 748.8344 us/op
WorkloadResult  87: 1024 op, 703885700.00 ns, 687.3884 us/op
WorkloadResult  88: 1024 op, 757786000.00 ns, 740.0254 us/op
WorkloadResult  89: 1024 op, 721700400.00 ns, 704.7855 us/op
WorkloadResult  90: 1024 op, 766331000.00 ns, 748.3701 us/op
WorkloadResult  91: 1024 op, 726382500.00 ns, 709.3579 us/op
WorkloadResult  92: 1024 op, 706894300.00 ns, 690.3265 us/op
WorkloadResult  93: 1024 op, 761430400.00 ns, 743.5844 us/op
// GC:  9 0 0 59447664 1024
// Threading:  6115 4 1024

// AfterAll
// Benchmark Process 11880 has exited with code 0.

Mean = 709.680 μs, StdErr = 2.076 μs (0.29%), N = 93, StdDev = 20.023 μs
Min = 671.698 μs, Q1 = 695.478 μs, Median = 706.390 μs, Q3 = 720.858 μs, Max = 764.693 μs
IQR = 25.380 μs, LowerFence = 657.408 μs, UpperFence = 758.928 μs
ConfidenceInterval = [702.621 μs; 716.738 μs] (CI 99.9%), Margin = 7.058 μs (0.99% of Mean)
Skewness = 0.72, Kurtosis = 2.97, MValue = 2

// ** Remained 1 (16,7 %) benchmark(s) to run. Estimated finish 2024-11-29 17:22 (0h 1m from now) **
Setup power plan (GUID: 8c5e7fda-e8bf-4a96-9a85-a6e23a8c635c FriendlyName: High performance)
// **************************
// Benchmark: Compare.EfCoreInsert: Job-OVQBKV(IterationCount=100, LaunchCount=1)
// *** Execute ***
// Launch: 1 / 1
// Execute: dotnet 264af6b0-4445-47ff-bc1d-1c6078a98047.dll --anonymousPipes 820 1856 --benchmarkName Benchmark.Compare.Compare.EfCoreInsert --job "IterationCount=100, LaunchCount=1" --benchmarkId 5 in C:\Users\abcd2\OneDrive\Desktop\7-SEM-HIEU\lab_04\Benchmark\bin\Release\net8.0\264af6b0-4445-47ff-bc1d-1c6078a98047\bin\Release\net8.0
// BeforeAnythingElse

// Benchmark Process Environment Information:
// BenchmarkDotNet v0.14.0
// Runtime=.NET 8.0.8 (8.0.824.36612), X64 RyuJIT AVX-512F+CD+BW+DQ+VL+VBMI
// GC=Concurrent Workstation
// HardwareIntrinsics=AVX-512F+CD+BW+DQ+VL+VBMI,AES,BMI1,BMI2,FMA,LZCNT,PCLMUL,POPCNT VectorSize=256
// Job: Job-OWATCQ(IterationCount=100, LaunchCount=1)

[testcontainers.org 00:00:00.14] Connected to Docker:
  Host: npipe://./pipe/docker_engine
  Server Version: 26.1.4
  Kernel Version: 5.15.153.1-microsoft-standard-WSL2
  API Version: 1.45
  Operating System: Docker Desktop
  Total Memory: 3.76 GB
  Labels: 
    com.docker.desktop.address=npipe://\\.\pipe\docker_cli
[testcontainers.org 00:00:00.28] Docker container 4f22dd7a38bc created
[testcontainers.org 00:00:00.33] Start Docker container 4f22dd7a38bc
[testcontainers.org 00:00:01.64] Wait for Docker container 4f22dd7a38bc to complete readiness checks
[testcontainers.org 00:00:01.65] Docker container 4f22dd7a38bc ready
[testcontainers.org 00:00:01.71] Docker container 598b484aaa94 created
[testcontainers.org 00:00:01.73] Start Docker container 598b484aaa94
[testcontainers.org 00:00:03.03] Wait for Docker container 598b484aaa94 to complete readiness checks
[testcontainers.org 00:00:03.04] Execute "pg_isready --host localhost --dbname BENCHMARK_testdb --username postgres" at Docker container 598b484aaa94
[testcontainers.org 00:00:03.10] Docker container 598b484aaa94 ready
OverheadJitting  1: 1 op, 234300.00 ns, 234.3000 us/op
WorkloadJitting  1: 1 op, 565063500.00 ns, 565.0635 ms/op

OverheadJitting  2: 1 op, 600.00 ns, 600.0000 ns/op
WorkloadJitting  2: 1 op, 30744500.00 ns, 30.7445 ms/op

OverheadJitting  3: 16 op, 230600.00 ns, 14.4125 us/op
WorkloadJitting  3: 16 op, 77263500.00 ns, 4.8290 ms/op

WorkloadPilot    1: 16 op, 40341800.00 ns, 2.5214 ms/op
WorkloadPilot    2: 32 op, 77413800.00 ns, 2.4192 ms/op
WorkloadPilot    3: 64 op, 187882500.00 ns, 2.9357 ms/op
WorkloadPilot    4: 128 op, 296816600.00 ns, 2.3189 ms/op
WorkloadPilot    5: 256 op, 648486500.00 ns, 2.5332 ms/op

OverheadWarmup   1: 256 op, 4300.00 ns, 16.7969 ns/op
OverheadWarmup   2: 256 op, 1500.00 ns, 5.8594 ns/op
OverheadWarmup   3: 256 op, 1600.00 ns, 6.2500 ns/op
OverheadWarmup   4: 256 op, 1800.00 ns, 7.0313 ns/op
OverheadWarmup   5: 256 op, 1700.00 ns, 6.6406 ns/op
OverheadWarmup   6: 256 op, 1500.00 ns, 5.8594 ns/op
OverheadWarmup   7: 256 op, 1600.00 ns, 6.2500 ns/op
OverheadWarmup   8: 256 op, 1300.00 ns, 5.0781 ns/op

OverheadActual   1: 256 op, 1600.00 ns, 6.2500 ns/op
OverheadActual   2: 256 op, 1500.00 ns, 5.8594 ns/op
OverheadActual   3: 256 op, 1500.00 ns, 5.8594 ns/op
OverheadActual   4: 256 op, 1500.00 ns, 5.8594 ns/op
OverheadActual   5: 256 op, 1500.00 ns, 5.8594 ns/op
OverheadActual   6: 256 op, 2200.00 ns, 8.5938 ns/op
OverheadActual   7: 256 op, 1500.00 ns, 5.8594 ns/op
OverheadActual   8: 256 op, 1500.00 ns, 5.8594 ns/op
OverheadActual   9: 256 op, 1300.00 ns, 5.0781 ns/op
OverheadActual  10: 256 op, 1400.00 ns, 5.4688 ns/op
OverheadActual  11: 256 op, 1300.00 ns, 5.0781 ns/op
OverheadActual  12: 256 op, 1500.00 ns, 5.8594 ns/op
OverheadActual  13: 256 op, 1400.00 ns, 5.4688 ns/op
OverheadActual  14: 256 op, 1400.00 ns, 5.4688 ns/op
OverheadActual  15: 256 op, 1500.00 ns, 5.8594 ns/op
OverheadActual  16: 256 op, 5900.00 ns, 23.0469 ns/op
OverheadActual  17: 256 op, 1200.00 ns, 4.6875 ns/op
OverheadActual  18: 256 op, 1400.00 ns, 5.4688 ns/op
OverheadActual  19: 256 op, 2100.00 ns, 8.2031 ns/op
OverheadActual  20: 256 op, 2000.00 ns, 7.8125 ns/op

WorkloadWarmup   1: 256 op, 678122300.00 ns, 2.6489 ms/op
WorkloadWarmup   2: 256 op, 750003000.00 ns, 2.9297 ms/op
WorkloadWarmup   3: 256 op, 624405600.00 ns, 2.4391 ms/op
WorkloadWarmup   4: 256 op, 607510600.00 ns, 2.3731 ms/op
WorkloadWarmup   5: 256 op, 521637600.00 ns, 2.0376 ms/op
WorkloadWarmup   6: 256 op, 490648200.00 ns, 1.9166 ms/op
WorkloadWarmup   7: 256 op, 551736200.00 ns, 2.1552 ms/op
WorkloadWarmup   8: 256 op, 663228400.00 ns, 2.5907 ms/op
WorkloadWarmup   9: 256 op, 539093700.00 ns, 2.1058 ms/op

// BeforeActualRun
WorkloadActual   1: 256 op, 507326900.00 ns, 1.9817 ms/op
WorkloadActual   2: 256 op, 512721200.00 ns, 2.0028 ms/op
WorkloadActual   3: 256 op, 496862600.00 ns, 1.9409 ms/op
WorkloadActual   4: 256 op, 508913900.00 ns, 1.9879 ms/op
WorkloadActual   5: 256 op, 506134900.00 ns, 1.9771 ms/op
WorkloadActual   6: 256 op, 503928000.00 ns, 1.9685 ms/op
WorkloadActual   7: 256 op, 510611400.00 ns, 1.9946 ms/op
WorkloadActual   8: 256 op, 529237200.00 ns, 2.0673 ms/op
WorkloadActual   9: 256 op, 555254700.00 ns, 2.1690 ms/op
WorkloadActual  10: 256 op, 586040600.00 ns, 2.2892 ms/op
WorkloadActual  11: 256 op, 525237800.00 ns, 2.0517 ms/op
WorkloadActual  12: 256 op, 553880200.00 ns, 2.1636 ms/op
WorkloadActual  13: 256 op, 553271900.00 ns, 2.1612 ms/op
WorkloadActual  14: 256 op, 581165000.00 ns, 2.2702 ms/op
WorkloadActual  15: 256 op, 573479100.00 ns, 2.2402 ms/op
WorkloadActual  16: 256 op, 569253100.00 ns, 2.2236 ms/op
WorkloadActual  17: 256 op, 544722500.00 ns, 2.1278 ms/op
WorkloadActual  18: 256 op, 557862300.00 ns, 2.1791 ms/op
WorkloadActual  19: 256 op, 571026400.00 ns, 2.2306 ms/op
WorkloadActual  20: 256 op, 584205000.00 ns, 2.2821 ms/op
WorkloadActual  21: 256 op, 557261500.00 ns, 2.1768 ms/op
WorkloadActual  22: 256 op, 569521200.00 ns, 2.2247 ms/op
WorkloadActual  23: 256 op, 581517000.00 ns, 2.2716 ms/op
WorkloadActual  24: 256 op, 598008800.00 ns, 2.3360 ms/op
WorkloadActual  25: 256 op, 597796300.00 ns, 2.3351 ms/op
WorkloadActual  26: 256 op, 579089700.00 ns, 2.2621 ms/op
WorkloadActual  27: 256 op, 637876700.00 ns, 2.4917 ms/op
WorkloadActual  28: 256 op, 581043800.00 ns, 2.2697 ms/op
WorkloadActual  29: 256 op, 579925800.00 ns, 2.2653 ms/op
WorkloadActual  30: 256 op, 617701600.00 ns, 2.4129 ms/op
WorkloadActual  31: 256 op, 631667100.00 ns, 2.4674 ms/op
WorkloadActual  32: 256 op, 610275100.00 ns, 2.3839 ms/op
WorkloadActual  33: 256 op, 600372800.00 ns, 2.3452 ms/op
WorkloadActual  34: 256 op, 607993100.00 ns, 2.3750 ms/op
WorkloadActual  35: 256 op, 630994800.00 ns, 2.4648 ms/op
WorkloadActual  36: 256 op, 696148400.00 ns, 2.7193 ms/op
WorkloadActual  37: 256 op, 692357100.00 ns, 2.7045 ms/op
WorkloadActual  38: 256 op, 624764000.00 ns, 2.4405 ms/op
WorkloadActual  39: 256 op, 620051900.00 ns, 2.4221 ms/op
WorkloadActual  40: 256 op, 628553700.00 ns, 2.4553 ms/op
WorkloadActual  41: 256 op, 617316200.00 ns, 2.4114 ms/op
WorkloadActual  42: 256 op, 635599800.00 ns, 2.4828 ms/op
WorkloadActual  43: 256 op, 694013700.00 ns, 2.7110 ms/op
WorkloadActual  44: 256 op, 673637500.00 ns, 2.6314 ms/op
WorkloadActual  45: 256 op, 639719500.00 ns, 2.4989 ms/op
WorkloadActual  46: 256 op, 701478400.00 ns, 2.7402 ms/op
WorkloadActual  47: 256 op, 663854800.00 ns, 2.5932 ms/op
WorkloadActual  48: 256 op, 650785700.00 ns, 2.5421 ms/op
WorkloadActual  49: 256 op, 684871300.00 ns, 2.6753 ms/op
WorkloadActual  50: 256 op, 664989700.00 ns, 2.5976 ms/op
WorkloadActual  51: 256 op, 661692800.00 ns, 2.5847 ms/op
WorkloadActual  52: 256 op, 674226700.00 ns, 2.6337 ms/op
WorkloadActual  53: 256 op, 659124100.00 ns, 2.5747 ms/op
WorkloadActual  54: 256 op, 647989800.00 ns, 2.5312 ms/op
WorkloadActual  55: 256 op, 688643600.00 ns, 2.6900 ms/op
WorkloadActual  56: 256 op, 672307900.00 ns, 2.6262 ms/op
WorkloadActual  57: 256 op, 737607900.00 ns, 2.8813 ms/op
WorkloadActual  58: 256 op, 679979500.00 ns, 2.6562 ms/op
WorkloadActual  59: 256 op, 676251400.00 ns, 2.6416 ms/op
WorkloadActual  60: 256 op, 677231100.00 ns, 2.6454 ms/op
WorkloadActual  61: 256 op, 842460700.00 ns, 3.2909 ms/op
WorkloadActual  62: 256 op, 719206900.00 ns, 2.8094 ms/op
WorkloadActual  63: 256 op, 718078200.00 ns, 2.8050 ms/op
WorkloadActual  64: 256 op, 704562700.00 ns, 2.7522 ms/op
WorkloadActual  65: 256 op, 715115900.00 ns, 2.7934 ms/op
WorkloadActual  66: 256 op, 710619500.00 ns, 2.7759 ms/op
WorkloadActual  67: 256 op, 683576500.00 ns, 2.6702 ms/op
WorkloadActual  68: 256 op, 701216500.00 ns, 2.7391 ms/op
WorkloadActual  69: 256 op, 734993900.00 ns, 2.8711 ms/op
WorkloadActual  70: 256 op, 707243700.00 ns, 2.7627 ms/op
WorkloadActual  71: 256 op, 764002600.00 ns, 2.9844 ms/op
WorkloadActual  72: 256 op, 719769300.00 ns, 2.8116 ms/op
WorkloadActual  73: 256 op, 713257500.00 ns, 2.7862 ms/op
WorkloadActual  74: 256 op, 775874700.00 ns, 3.0308 ms/op
WorkloadActual  75: 256 op, 746327200.00 ns, 2.9153 ms/op
WorkloadActual  76: 256 op, 726319900.00 ns, 2.8372 ms/op
WorkloadActual  77: 256 op, 756438500.00 ns, 2.9548 ms/op
WorkloadActual  78: 256 op, 726690700.00 ns, 2.8386 ms/op
WorkloadActual  79: 256 op, 728639600.00 ns, 2.8462 ms/op
WorkloadActual  80: 256 op, 723516200.00 ns, 2.8262 ms/op
WorkloadActual  81: 256 op, 694055600.00 ns, 2.7112 ms/op
WorkloadActual  82: 256 op, 701792200.00 ns, 2.7414 ms/op
WorkloadActual  83: 256 op, 686979800.00 ns, 2.6835 ms/op
WorkloadActual  84: 256 op, 725809400.00 ns, 2.8352 ms/op
WorkloadActual  85: 256 op, 746444100.00 ns, 2.9158 ms/op
WorkloadActual  86: 256 op, 705311000.00 ns, 2.7551 ms/op
WorkloadActual  87: 256 op, 711268000.00 ns, 2.7784 ms/op
WorkloadActual  88: 256 op, 766318200.00 ns, 2.9934 ms/op
WorkloadActual  89: 256 op, 726225300.00 ns, 2.8368 ms/op
WorkloadActual  90: 256 op, 711252800.00 ns, 2.7783 ms/op
WorkloadActual  91: 256 op, 704112900.00 ns, 2.7504 ms/op
WorkloadActual  92: 256 op, 726842500.00 ns, 2.8392 ms/op
WorkloadActual  93: 256 op, 708107700.00 ns, 2.7660 ms/op
WorkloadActual  94: 256 op, 728952600.00 ns, 2.8475 ms/op
WorkloadActual  95: 256 op, 759162500.00 ns, 2.9655 ms/op
WorkloadActual  96: 256 op, 717567400.00 ns, 2.8030 ms/op
WorkloadActual  97: 256 op, 747760800.00 ns, 2.9209 ms/op
WorkloadActual  98: 256 op, 804890700.00 ns, 3.1441 ms/op
WorkloadActual  99: 256 op, 755148800.00 ns, 2.9498 ms/op
WorkloadActual  100: 256 op, 741726100.00 ns, 2.8974 ms/op

// AfterActualRun
WorkloadResult   1: 256 op, 507325400.00 ns, 1.9817 ms/op
WorkloadResult   2: 256 op, 512719700.00 ns, 2.0028 ms/op
WorkloadResult   3: 256 op, 496861100.00 ns, 1.9409 ms/op
WorkloadResult   4: 256 op, 508912400.00 ns, 1.9879 ms/op
WorkloadResult   5: 256 op, 506133400.00 ns, 1.9771 ms/op
WorkloadResult   6: 256 op, 503926500.00 ns, 1.9685 ms/op
WorkloadResult   7: 256 op, 510609900.00 ns, 1.9946 ms/op
WorkloadResult   8: 256 op, 529235700.00 ns, 2.0673 ms/op
WorkloadResult   9: 256 op, 555253200.00 ns, 2.1690 ms/op
WorkloadResult  10: 256 op, 586039100.00 ns, 2.2892 ms/op
WorkloadResult  11: 256 op, 525236300.00 ns, 2.0517 ms/op
WorkloadResult  12: 256 op, 553878700.00 ns, 2.1636 ms/op
WorkloadResult  13: 256 op, 553270400.00 ns, 2.1612 ms/op
WorkloadResult  14: 256 op, 581163500.00 ns, 2.2702 ms/op
WorkloadResult  15: 256 op, 573477600.00 ns, 2.2401 ms/op
WorkloadResult  16: 256 op, 569251600.00 ns, 2.2236 ms/op
WorkloadResult  17: 256 op, 544721000.00 ns, 2.1278 ms/op
WorkloadResult  18: 256 op, 557860800.00 ns, 2.1791 ms/op
WorkloadResult  19: 256 op, 571024900.00 ns, 2.2306 ms/op
WorkloadResult  20: 256 op, 584203500.00 ns, 2.2820 ms/op
WorkloadResult  21: 256 op, 557260000.00 ns, 2.1768 ms/op
WorkloadResult  22: 256 op, 569519700.00 ns, 2.2247 ms/op
WorkloadResult  23: 256 op, 581515500.00 ns, 2.2715 ms/op
WorkloadResult  24: 256 op, 598007300.00 ns, 2.3360 ms/op
WorkloadResult  25: 256 op, 597794800.00 ns, 2.3351 ms/op
WorkloadResult  26: 256 op, 579088200.00 ns, 2.2621 ms/op
WorkloadResult  27: 256 op, 637875200.00 ns, 2.4917 ms/op
WorkloadResult  28: 256 op, 581042300.00 ns, 2.2697 ms/op
WorkloadResult  29: 256 op, 579924300.00 ns, 2.2653 ms/op
WorkloadResult  30: 256 op, 617700100.00 ns, 2.4129 ms/op
WorkloadResult  31: 256 op, 631665600.00 ns, 2.4674 ms/op
WorkloadResult  32: 256 op, 610273600.00 ns, 2.3839 ms/op
WorkloadResult  33: 256 op, 600371300.00 ns, 2.3452 ms/op
WorkloadResult  34: 256 op, 607991600.00 ns, 2.3750 ms/op
WorkloadResult  35: 256 op, 630993300.00 ns, 2.4648 ms/op
WorkloadResult  36: 256 op, 696146900.00 ns, 2.7193 ms/op
WorkloadResult  37: 256 op, 692355600.00 ns, 2.7045 ms/op
WorkloadResult  38: 256 op, 624762500.00 ns, 2.4405 ms/op
WorkloadResult  39: 256 op, 620050400.00 ns, 2.4221 ms/op
WorkloadResult  40: 256 op, 628552200.00 ns, 2.4553 ms/op
WorkloadResult  41: 256 op, 617314700.00 ns, 2.4114 ms/op
WorkloadResult  42: 256 op, 635598300.00 ns, 2.4828 ms/op
WorkloadResult  43: 256 op, 694012200.00 ns, 2.7110 ms/op
WorkloadResult  44: 256 op, 673636000.00 ns, 2.6314 ms/op
WorkloadResult  45: 256 op, 639718000.00 ns, 2.4989 ms/op
WorkloadResult  46: 256 op, 701476900.00 ns, 2.7401 ms/op
WorkloadResult  47: 256 op, 663853300.00 ns, 2.5932 ms/op
[testcontainers.org 00:01:18.91] Delete Docker container 598b484aaa94
WorkloadResult  48: 256 op, 650784200.00 ns, 2.5421 ms/op
WorkloadResult  49: 256 op, 684869800.00 ns, 2.6753 ms/op
WorkloadResult  50: 256 op, 664988200.00 ns, 2.5976 ms/op
WorkloadResult  51: 256 op, 661691300.00 ns, 2.5847 ms/op
WorkloadResult  52: 256 op, 674225200.00 ns, 2.6337 ms/op
WorkloadResult  53: 256 op, 659122600.00 ns, 2.5747 ms/op
WorkloadResult  54: 256 op, 647988300.00 ns, 2.5312 ms/op
WorkloadResult  55: 256 op, 688642100.00 ns, 2.6900 ms/op
WorkloadResult  56: 256 op, 672306400.00 ns, 2.6262 ms/op
WorkloadResult  57: 256 op, 737606400.00 ns, 2.8813 ms/op
WorkloadResult  58: 256 op, 679978000.00 ns, 2.6562 ms/op
WorkloadResult  59: 256 op, 676249900.00 ns, 2.6416 ms/op
WorkloadResult  60: 256 op, 677229600.00 ns, 2.6454 ms/op
WorkloadResult  61: 256 op, 842459200.00 ns, 3.2909 ms/op
WorkloadResult  62: 256 op, 719205400.00 ns, 2.8094 ms/op
WorkloadResult  63: 256 op, 718076700.00 ns, 2.8050 ms/op
WorkloadResult  64: 256 op, 704561200.00 ns, 2.7522 ms/op
WorkloadResult  65: 256 op, 715114400.00 ns, 2.7934 ms/op
WorkloadResult  66: 256 op, 710618000.00 ns, 2.7759 ms/op
WorkloadResult  67: 256 op, 683575000.00 ns, 2.6702 ms/op
WorkloadResult  68: 256 op, 701215000.00 ns, 2.7391 ms/op
WorkloadResult  69: 256 op, 734992400.00 ns, 2.8711 ms/op
WorkloadResult  70: 256 op, 707242200.00 ns, 2.7627 ms/op
WorkloadResult  71: 256 op, 764001100.00 ns, 2.9844 ms/op
WorkloadResult  72: 256 op, 719767800.00 ns, 2.8116 ms/op
WorkloadResult  73: 256 op, 713256000.00 ns, 2.7862 ms/op
WorkloadResult  74: 256 op, 775873200.00 ns, 3.0308 ms/op
WorkloadResult  75: 256 op, 746325700.00 ns, 2.9153 ms/op
WorkloadResult  76: 256 op, 726318400.00 ns, 2.8372 ms/op
WorkloadResult  77: 256 op, 756437000.00 ns, 2.9548 ms/op
WorkloadResult  78: 256 op, 726689200.00 ns, 2.8386 ms/op
WorkloadResult  79: 256 op, 728638100.00 ns, 2.8462 ms/op
WorkloadResult  80: 256 op, 723514700.00 ns, 2.8262 ms/op
WorkloadResult  81: 256 op, 694054100.00 ns, 2.7111 ms/op
WorkloadResult  82: 256 op, 701790700.00 ns, 2.7414 ms/op
WorkloadResult  83: 256 op, 686978300.00 ns, 2.6835 ms/op
WorkloadResult  84: 256 op, 725807900.00 ns, 2.8352 ms/op
WorkloadResult  85: 256 op, 746442600.00 ns, 2.9158 ms/op
WorkloadResult  86: 256 op, 705309500.00 ns, 2.7551 ms/op
WorkloadResult  87: 256 op, 711266500.00 ns, 2.7784 ms/op
WorkloadResult  88: 256 op, 766316700.00 ns, 2.9934 ms/op
WorkloadResult  89: 256 op, 726223800.00 ns, 2.8368 ms/op
WorkloadResult  90: 256 op, 711251300.00 ns, 2.7783 ms/op
WorkloadResult  91: 256 op, 704111400.00 ns, 2.7504 ms/op
WorkloadResult  92: 256 op, 726841000.00 ns, 2.8392 ms/op
WorkloadResult  93: 256 op, 708106200.00 ns, 2.7660 ms/op
WorkloadResult  94: 256 op, 728951100.00 ns, 2.8475 ms/op
WorkloadResult  95: 256 op, 759161000.00 ns, 2.9655 ms/op
WorkloadResult  96: 256 op, 717565900.00 ns, 2.8030 ms/op
WorkloadResult  97: 256 op, 747759300.00 ns, 2.9209 ms/op
WorkloadResult  98: 256 op, 804889200.00 ns, 3.1441 ms/op
WorkloadResult  99: 256 op, 755147300.00 ns, 2.9498 ms/op
WorkloadResult  100: 256 op, 741724600.00 ns, 2.8974 ms/op
// GC:  2 0 0 18569624 256
// Threading:  1525 1 256

// AfterAll
// Benchmark Process 18312 has exited with code 0.

Mean = 2.565 ms, StdErr = 0.031 ms (1.20%), N = 100, StdDev = 0.308 ms
Min = 1.941 ms, Q1 = 2.287 ms, Median = 2.638 ms, Q3 = 2.803 ms, Max = 3.291 ms
IQR = 0.516 ms, LowerFence = 1.513 ms, UpperFence = 3.578 ms
ConfidenceInterval = [2.461 ms; 2.669 ms] (CI 99.9%), Margin = 0.104 ms (4.07% of Mean)
Skewness = -0.3, Kurtosis = 2.19, MValue = 2.38

// ** Remained 0 (0,0 %) benchmark(s) to run. Estimated finish 2024-11-29 17:21 (0h 0m from now) **
Successfully reverted power plan (GUID: 8c5e7fda-e8bf-4a96-9a85-a6e23a8c635c FriendlyName: High performance)
// ***** BenchmarkRunner: Finish  *****

// * Export *
  BenchmarkDotNet.Artifacts\results\Benchmark.Compare.Compare-report.csv
  BenchmarkDotNet.Artifacts\results\Benchmark.Compare.Compare-report-github.md
  BenchmarkDotNet.Artifacts\results\Benchmark.Compare.Compare-report.html
  BenchmarkDotNet.Artifacts\results\Benchmark.Compare.Compare-report-default.md
  BenchmarkDotNet.Artifacts\results\Benchmark.Compare.Compare-measurements.csv
RPlotExporter couldn't find Rscript.exe in your PATH and no R_HOME environment variable is defined
  BenchmarkDotNet.Artifacts\results\BuildPlots.R

// * Detailed results *
Compare.NpgslInsert: Job-OVQBKV(IterationCount=100, LaunchCount=1)
Runtime = .NET 8.0.8 (8.0.824.36612), X64 RyuJIT AVX-512F+CD+BW+DQ+VL+VBMI; GC = Concurrent Workstation
Mean = 586.949 μs, StdErr = 1.620 μs (0.28%), N = 93, StdDev = 15.619 μs
Min = 532.202 μs, Q1 = 577.609 μs, Median = 584.529 μs, Q3 = 595.727 μs, Max = 627.605 μs
IQR = 18.117 μs, LowerFence = 550.433 μs, UpperFence = 622.903 μs
ConfidenceInterval = [581.444 μs; 592.455 μs] (CI 99.9%), Margin = 5.506 μs (0.94% of Mean)
Skewness = 0.18, Kurtosis = 4, MValue = 2
-------------------- Histogram --------------------
[527.678 μs ; 546.574 μs) | @
[546.574 μs ; 559.994 μs) | @
[559.994 μs ; 580.054 μs) | @@@@@@@@@@@@@@@@@@@@@@@@@@@@@
[580.054 μs ; 603.385 μs) | @@@@@@@@@@@@@@@@@@@@@@@@@@@@@@@@@@@@@@@@@@@@@@@@
[603.385 μs ; 632.130 μs) | @@@@@@@@@@@@@@
---------------------------------------------------

Compare.NpgslSelect: Job-OVQBKV(IterationCount=100, LaunchCount=1)
Runtime = .NET 8.0.8 (8.0.824.36612), X64 RyuJIT AVX-512F+CD+BW+DQ+VL+VBMI; GC = Concurrent Workstation
Mean = 557.404 μs, StdErr = 1.349 μs (0.24%), N = 100, StdDev = 13.491 μs
Min = 533.347 μs, Q1 = 548.437 μs, Median = 556.201 μs, Q3 = 567.002 μs, Max = 593.451 μs
IQR = 18.565 μs, LowerFence = 520.590 μs, UpperFence = 594.850 μs
ConfidenceInterval = [552.828 μs; 561.979 μs] (CI 99.9%), Margin = 4.575 μs (0.82% of Mean)
Skewness = 0.49, Kurtosis = 2.56, MValue = 2
-------------------- Histogram --------------------
[533.179 μs ; 552.883 μs) | @@@@@@@@@@@@@@@@@@@@@@@@@@@@@@@@@@@@@@@@@@@
[552.883 μs ; 564.827 μs) | @@@@@@@@@@@@@@@@@@@@@@@@@@@@@@
[564.827 μs ; 597.265 μs) | @@@@@@@@@@@@@@@@@@@@@@@@@@@
---------------------------------------------------

Compare.DapperInsert: Job-OVQBKV(IterationCount=100, LaunchCount=1)
Runtime = .NET 8.0.8 (8.0.824.36612), X64 RyuJIT AVX-512F+CD+BW+DQ+VL+VBMI; GC = Concurrent Workstation
Mean = 558.164 μs, StdErr = 1.507 μs (0.27%), N = 94, StdDev = 14.613 μs
Min = 522.944 μs, Q1 = 548.142 μs, Median = 559.140 μs, Q3 = 567.046 μs, Max = 594.123 μs
IQR = 18.904 μs, LowerFence = 519.786 μs, UpperFence = 595.402 μs
ConfidenceInterval = [553.042 μs; 563.286 μs] (CI 99.9%), Margin = 5.122 μs (0.92% of Mean)
Skewness = 0.11, Kurtosis = 2.89, MValue = 2
-------------------- Histogram --------------------
[518.726 μs ; 534.740 μs) | @@@@@
[534.740 μs ; 553.161 μs) | @@@@@@@@@@@@@@@@@@@@@@@@@@@@@
[553.161 μs ; 576.594 μs) | @@@@@@@@@@@@@@@@@@@@@@@@@@@@@@@@@@@@@@@@@@@@@@@@@@@
[576.594 μs ; 596.403 μs) | @@@@@@@@@
---------------------------------------------------

Compare.DapperSelect: Job-OVQBKV(IterationCount=100, LaunchCount=1)
Runtime = .NET 8.0.8 (8.0.824.36612), X64 RyuJIT AVX-512F+CD+BW+DQ+VL+VBMI; GC = Concurrent Workstation
Mean = 556.627 μs, StdErr = 1.373 μs (0.25%), N = 90, StdDev = 13.025 μs
Min = 536.671 μs, Q1 = 547.902 μs, Median = 555.106 μs, Q3 = 561.092 μs, Max = 593.375 μs
IQR = 13.190 μs, LowerFence = 528.117 μs, UpperFence = 580.877 μs
ConfidenceInterval = [551.955 μs; 561.300 μs] (CI 99.9%), Margin = 4.673 μs (0.84% of Mean)
Skewness = 1.1, Kurtosis = 3.91, MValue = 2
-------------------- Histogram --------------------
[532.856 μs ; 553.174 μs) | @@@@@@@@@@@@@@@@@@@@@@@@@@@@@@@@@@@@@@@@@
[553.174 μs ; 571.385 μs) | @@@@@@@@@@@@@@@@@@@@@@@@@@@@@@@@@@@@
[571.385 μs ; 595.495 μs) | @@@@@@@@@@@@@
---------------------------------------------------

Compare.EfCoreSelect: Job-OVQBKV(IterationCount=100, LaunchCount=1)
Runtime = .NET 8.0.8 (8.0.824.36612), X64 RyuJIT AVX-512F+CD+BW+DQ+VL+VBMI; GC = Concurrent Workstation
Mean = 709.680 μs, StdErr = 2.076 μs (0.29%), N = 93, StdDev = 20.023 μs
Min = 671.698 μs, Q1 = 695.478 μs, Median = 706.390 μs, Q3 = 720.858 μs, Max = 764.693 μs
IQR = 25.380 μs, LowerFence = 657.408 μs, UpperFence = 758.928 μs
ConfidenceInterval = [702.621 μs; 716.738 μs] (CI 99.9%), Margin = 7.058 μs (0.99% of Mean)
Skewness = 0.72, Kurtosis = 2.97, MValue = 2
-------------------- Histogram --------------------
[669.695 μs ; 685.133 μs) | @@@@@
[685.133 μs ; 712.824 μs) | @@@@@@@@@@@@@@@@@@@@@@@@@@@@@@@@@@@@@@@@@@@@@@@@@@@@@@@
[712.824 μs ; 729.098 μs) | @@@@@@@@@@@@@@@@@@@@
[729.098 μs ; 770.493 μs) | @@@@@@@@@@@@@
---------------------------------------------------

Compare.EfCoreInsert: Job-OVQBKV(IterationCount=100, LaunchCount=1)
Runtime = .NET 8.0.8 (8.0.824.36612), X64 RyuJIT AVX-512F+CD+BW+DQ+VL+VBMI; GC = Concurrent Workstation
Mean = 2.565 ms, StdErr = 0.031 ms (1.20%), N = 100, StdDev = 0.308 ms
Min = 1.941 ms, Q1 = 2.287 ms, Median = 2.638 ms, Q3 = 2.803 ms, Max = 3.291 ms
IQR = 0.516 ms, LowerFence = 1.513 ms, UpperFence = 3.578 ms
ConfidenceInterval = [2.461 ms; 2.669 ms] (CI 99.9%), Margin = 0.104 ms (4.07% of Mean)
Skewness = -0.3, Kurtosis = 2.19, MValue = 2.38
-------------------- Histogram --------------------
[1.917 ms ; 2.121 ms) | @@@@@@@@@
[2.121 ms ; 2.296 ms) | @@@@@@@@@@@@@@@@@
[2.296 ms ; 2.504 ms) | @@@@@@@@@@@@@@@
[2.504 ms ; 2.674 ms) | @@@@@@@@@@@@@
[2.674 ms ; 2.848 ms) | @@@@@@@@@@@@@@@@@@@@@@@@@@@@@@@@
[2.848 ms ; 3.038 ms) | @@@@@@@@@@@@
[3.038 ms ; 3.130 ms) | 
[3.130 ms ; 3.305 ms) | @@
---------------------------------------------------

// * Summary *

BenchmarkDotNet v0.14.0, Windows 10 (10.0.19045.5131/22H2/2022Update)
11th Gen Intel Core i7-1165G7 2.80GHz, 1 CPU, 8 logical and 4 physical cores
.NET SDK 8.0.400
  [Host]     : .NET 8.0.8 (8.0.824.36612), X64 RyuJIT AVX-512F+CD+BW+DQ+VL+VBMI
  Job-OVQBKV : .NET 8.0.8 (8.0.824.36612), X64 RyuJIT AVX-512F+CD+BW+DQ+VL+VBMI

IterationCount=100  LaunchCount=1  

| Method       | Mean       | Error     | StdDev    | Gen0   | Allocated |
|------------- |-----------:|----------:|----------:|-------:|----------:|
| NpgslInsert  |   586.9 μs |   5.51 μs |  15.62 μs |      - |   4.76 KB |
| NpgslSelect  |   557.4 μs |   4.58 μs |  13.49 μs | 0.4883 |   3.85 KB |
| DapperInsert |   558.2 μs |   5.12 μs |  14.61 μs |      - |   5.08 KB |
| DapperSelect |   556.6 μs |   4.67 μs |  13.03 μs |      - |   4.51 KB |
| EfCoreSelect |   709.7 μs |   7.06 μs |  20.02 μs | 8.7891 |  56.69 KB |
| EfCoreInsert | 2,565.0 μs | 104.44 μs | 307.95 μs | 7.8125 |  70.84 KB |

// * Hints *
Outliers
  Compare.NpgslInsert: IterationCount=100, LaunchCount=1  -> 7 outliers were removed, 8 outliers were detected (532.21 μs, 636.41 μs..681.78 μs)
  Compare.DapperInsert: IterationCount=100, LaunchCount=1 -> 6 outliers were removed (604.80 μs..678.92 μs)
  Compare.DapperSelect: IterationCount=100, LaunchCount=1 -> 10 outliers were removed (601.19 μs..700.80 μs)
  Compare.EfCoreSelect: IterationCount=100, LaunchCount=1 -> 7 outliers were removed (767.80 μs..881.41 μs)

// * Legends *
  Mean      : Arithmetic mean of all measurements
  Error     : Half of 99.9% confidence interval
  StdDev    : Standard deviation of all measurements
  Gen0      : GC Generation 0 collects per 1000 operations
  Allocated : Allocated memory per single operation (managed only, inclusive, 1KB = 1024B)
  1 μs      : 1 Microsecond (0.000001 sec)

// * Diagnostic Output - MemoryDiagnoser *


// ***** BenchmarkRunner: End *****
Run time: 00:08:36 (516.16 sec), executed benchmarks: 6

Global total time: 00:08:48 (528.14 sec), executed benchmarks: 6
// * Artifacts cleanup *
Artifacts cleanup is finished
