Target;Target_Namespace;Target_Type;Target_Method;Job_Id;Job_AnalyzeLaunchVariance;Job_EvaluateOverhead;Job_MaxAbsoluteError;Job_MaxRelativeError;Job_MinInvokeCount;Job_MinIterationTime;Job_OutlierMode;Job_Affinity;Job_EnvironmentVariables;Job_Jit;Job_LargeAddressAware;Job_Platform;Job_PowerPlanMode;Job_Runtime;Job_AllowVeryLargeObjects;Job_Concurrent;Job_CpuGroups;Job_Force;Job_HeapAffinitizeMask;Job_HeapCount;Job_NoAffinitize;Job_RetainVm;Job_Server;Job_Arguments;Job_BuildConfiguration;Job_Clock;Job_EngineFactory;Job_NuGetReferences;Job_Toolchain;Job_IsMutator;Job_InvocationCount;Job_IterationCount;Job_IterationTime;Job_LaunchCount;Job_MaxIterationCount;Job_MaxWarmupIterationCount;Job_MemoryRandomization;Job_MinIterationCount;Job_MinWarmupIterationCount;Job_RunStrategy;Job_UnrollFactor;Job_WarmupCount;Job_Display;Params;Measurement_LaunchIndex;Measurement_IterationMode;Measurement_IterationStage;Measurement_IterationIndex;Measurement_Nanoseconds;Measurement_Operations;Measurement_Value;Gen_0;Gen_1;Gen_2;Allocated_Bytes
Compare.NpgslInsert;Benchmark.Compare;Compare;NpgslInsert;Job-TYVRNG;Default;Default;Default;Default;Default;Default;Default;Default;Default;Default;Default;Default;Default;Default;Default;Default;Default;Default;Default;Default;Default;Default;Default;Default;Default;Default;Default;Default;Default;Default;Default;5;Default;1;Default;Default;Default;Default;Default;Default;Default;Default;"Job-TYVRNG(IterationCount=5, LaunchCount=1)";;1;Overhead;Jitting;1;424900;1;424900;0;0;0;4820
Compare.NpgslInsert;Benchmark.Compare;Compare;NpgslInsert;Job-TYVRNG;Default;Default;Default;Default;Default;Default;Default;Default;Default;Default;Default;Default;Default;Default;Default;Default;Default;Default;Default;Default;Default;Default;Default;Default;Default;Default;Default;Default;Default;Default;Default;5;Default;1;Default;Default;Default;Default;Default;Default;Default;Default;"Job-TYVRNG(IterationCount=5, LaunchCount=1)";;1;Workload;Jitting;1;36957500;1;36957500;0;0;0;4820
Compare.NpgslInsert;Benchmark.Compare;Compare;NpgslInsert;Job-TYVRNG;Default;Default;Default;Default;Default;Default;Default;Default;Default;Default;Default;Default;Default;Default;Default;Default;Default;Default;Default;Default;Default;Default;Default;Default;Default;Default;Default;Default;Default;Default;Default;5;Default;1;Default;Default;Default;Default;Default;Default;Default;Default;"Job-TYVRNG(IterationCount=5, LaunchCount=1)";;1;Workload;Pilot;1;2903400;2;1451700;0;0;0;4820
Compare.NpgslInsert;Benchmark.Compare;Compare;NpgslInsert;Job-TYVRNG;Default;Default;Default;Default;Default;Default;Default;Default;Default;Default;Default;Default;Default;Default;Default;Default;Default;Default;Default;Default;Default;Default;Default;Default;Default;Default;Default;Default;Default;Default;Default;5;Default;1;Default;Default;Default;Default;Default;Default;Default;Default;"Job-TYVRNG(IterationCount=5, LaunchCount=1)";;1;Workload;Pilot;2;10236900;3;3412300;0;0;0;4820
Compare.NpgslInsert;Benchmark.Compare;Compare;NpgslInsert;Job-TYVRNG;Default;Default;Default;Default;Default;Default;Default;Default;Default;Default;Default;Default;Default;Default;Default;Default;Default;Default;Default;Default;Default;Default;Default;Default;Default;Default;Default;Default;Default;Default;Default;5;Default;1;Default;Default;Default;Default;Default;Default;Default;Default;"Job-TYVRNG(IterationCount=5, LaunchCount=1)";;1;Workload;Pilot;3;4749900;4;1187475;0;0;0;4820
Compare.NpgslInsert;Benchmark.Compare;Compare;NpgslInsert;Job-TYVRNG;Default;Default;Default;Default;Default;Default;Default;Default;Default;Default;Default;Default;Default;Default;Default;Default;Default;Default;Default;Default;Default;Default;Default;Default;Default;Default;Default;Default;Default;Default;Default;5;Default;1;Default;Default;Default;Default;Default;Default;Default;Default;"Job-TYVRNG(IterationCount=5, LaunchCount=1)";;1;Workload;Pilot;4;9542900;5;1908580;0;0;0;4820
Compare.NpgslInsert;Benchmark.Compare;Compare;NpgslInsert;Job-TYVRNG;Default;Default;Default;Default;Default;Default;Default;Default;Default;Default;Default;Default;Default;Default;Default;Default;Default;Default;Default;Default;Default;Default;Default;Default;Default;Default;Default;Default;Default;Default;Default;5;Default;1;Default;Default;Default;Default;Default;Default;Default;Default;"Job-TYVRNG(IterationCount=5, LaunchCount=1)";;1;Workload;Pilot;5;8521400;6;1420233.33;0;0;0;4820
Compare.NpgslInsert;Benchmark.Compare;Compare;NpgslInsert;Job-TYVRNG;Default;Default;Default;Default;Default;Default;Default;Default;Default;Default;Default;Default;Default;Default;Default;Default;Default;Default;Default;Default;Default;Default;Default;Default;Default;Default;Default;Default;Default;Default;Default;5;Default;1;Default;Default;Default;Default;Default;Default;Default;Default;"Job-TYVRNG(IterationCount=5, LaunchCount=1)";;1;Workload;Pilot;6;18778700;7;2682671.43;0;0;0;4820
Compare.NpgslInsert;Benchmark.Compare;Compare;NpgslInsert;Job-TYVRNG;Default;Default;Default;Default;Default;Default;Default;Default;Default;Default;Default;Default;Default;Default;Default;Default;Default;Default;Default;Default;Default;Default;Default;Default;Default;Default;Default;Default;Default;Default;Default;5;Default;1;Default;Default;Default;Default;Default;Default;Default;Default;"Job-TYVRNG(IterationCount=5, LaunchCount=1)";;1;Workload;Pilot;7;12427500;8;1553437.5;0;0;0;4820
Compare.NpgslInsert;Benchmark.Compare;Compare;NpgslInsert;Job-TYVRNG;Default;Default;Default;Default;Default;Default;Default;Default;Default;Default;Default;Default;Default;Default;Default;Default;Default;Default;Default;Default;Default;Default;Default;Default;Default;Default;Default;Default;Default;Default;Default;5;Default;1;Default;Default;Default;Default;Default;Default;Default;Default;"Job-TYVRNG(IterationCount=5, LaunchCount=1)";;1;Workload;Pilot;8;20047600;9;2227511.11;0;0;0;4820
Compare.NpgslInsert;Benchmark.Compare;Compare;NpgslInsert;Job-TYVRNG;Default;Default;Default;Default;Default;Default;Default;Default;Default;Default;Default;Default;Default;Default;Default;Default;Default;Default;Default;Default;Default;Default;Default;Default;Default;Default;Default;Default;Default;Default;Default;5;Default;1;Default;Default;Default;Default;Default;Default;Default;Default;"Job-TYVRNG(IterationCount=5, LaunchCount=1)";;1;Workload;Pilot;9;17772300;10;1777230;0;0;0;4820
Compare.NpgslInsert;Benchmark.Compare;Compare;NpgslInsert;Job-TYVRNG;Default;Default;Default;Default;Default;Default;Default;Default;Default;Default;Default;Default;Default;Default;Default;Default;Default;Default;Default;Default;Default;Default;Default;Default;Default;Default;Default;Default;Default;Default;Default;5;Default;1;Default;Default;Default;Default;Default;Default;Default;Default;"Job-TYVRNG(IterationCount=5, LaunchCount=1)";;1;Workload;Pilot;10;27368500;11;2488045.45;0;0;0;4820
Compare.NpgslInsert;Benchmark.Compare;Compare;NpgslInsert;Job-TYVRNG;Default;Default;Default;Default;Default;Default;Default;Default;Default;Default;Default;Default;Default;Default;Default;Default;Default;Default;Default;Default;Default;Default;Default;Default;Default;Default;Default;Default;Default;Default;Default;5;Default;1;Default;Default;Default;Default;Default;Default;Default;Default;"Job-TYVRNG(IterationCount=5, LaunchCount=1)";;1;Workload;Pilot;11;24815300;12;2067941.67;0;0;0;4820
Compare.NpgslInsert;Benchmark.Compare;Compare;NpgslInsert;Job-TYVRNG;Default;Default;Default;Default;Default;Default;Default;Default;Default;Default;Default;Default;Default;Default;Default;Default;Default;Default;Default;Default;Default;Default;Default;Default;Default;Default;Default;Default;Default;Default;Default;5;Default;1;Default;Default;Default;Default;Default;Default;Default;Default;"Job-TYVRNG(IterationCount=5, LaunchCount=1)";;1;Workload;Pilot;12;20661800;13;1589369.23;0;0;0;4820
Compare.NpgslInsert;Benchmark.Compare;Compare;NpgslInsert;Job-TYVRNG;Default;Default;Default;Default;Default;Default;Default;Default;Default;Default;Default;Default;Default;Default;Default;Default;Default;Default;Default;Default;Default;Default;Default;Default;Default;Default;Default;Default;Default;Default;Default;5;Default;1;Default;Default;Default;Default;Default;Default;Default;Default;"Job-TYVRNG(IterationCount=5, LaunchCount=1)";;1;Workload;Pilot;13;14923000;14;1065928.57;0;0;0;4820
Compare.NpgslInsert;Benchmark.Compare;Compare;NpgslInsert;Job-TYVRNG;Default;Default;Default;Default;Default;Default;Default;Default;Default;Default;Default;Default;Default;Default;Default;Default;Default;Default;Default;Default;Default;Default;Default;Default;Default;Default;Default;Default;Default;Default;Default;5;Default;1;Default;Default;Default;Default;Default;Default;Default;Default;"Job-TYVRNG(IterationCount=5, LaunchCount=1)";;1;Workload;Pilot;14;17451900;15;1163460;0;0;0;4820
Compare.NpgslInsert;Benchmark.Compare;Compare;NpgslInsert;Job-TYVRNG;Default;Default;Default;Default;Default;Default;Default;Default;Default;Default;Default;Default;Default;Default;Default;Default;Default;Default;Default;Default;Default;Default;Default;Default;Default;Default;Default;Default;Default;Default;Default;5;Default;1;Default;Default;Default;Default;Default;Default;Default;Default;"Job-TYVRNG(IterationCount=5, LaunchCount=1)";;1;Workload;Pilot;15;19089300;16;1193081.25;0;0;0;4820
Compare.NpgslInsert;Benchmark.Compare;Compare;NpgslInsert;Job-TYVRNG;Default;Default;Default;Default;Default;Default;Default;Default;Default;Default;Default;Default;Default;Default;Default;Default;Default;Default;Default;Default;Default;Default;Default;Default;Default;Default;Default;Default;Default;Default;Default;5;Default;1;Default;Default;Default;Default;Default;Default;Default;Default;"Job-TYVRNG(IterationCount=5, LaunchCount=1)";;1;Workload;Pilot;16;38259900;32;1195621.88;0;0;0;4820
Compare.NpgslInsert;Benchmark.Compare;Compare;NpgslInsert;Job-TYVRNG;Default;Default;Default;Default;Default;Default;Default;Default;Default;Default;Default;Default;Default;Default;Default;Default;Default;Default;Default;Default;Default;Default;Default;Default;Default;Default;Default;Default;Default;Default;Default;5;Default;1;Default;Default;Default;Default;Default;Default;Default;Default;"Job-TYVRNG(IterationCount=5, LaunchCount=1)";;1;Workload;Pilot;17;68268100;64;1066689.06;0;0;0;4820
Compare.NpgslInsert;Benchmark.Compare;Compare;NpgslInsert;Job-TYVRNG;Default;Default;Default;Default;Default;Default;Default;Default;Default;Default;Default;Default;Default;Default;Default;Default;Default;Default;Default;Default;Default;Default;Default;Default;Default;Default;Default;Default;Default;Default;Default;5;Default;1;Default;Default;Default;Default;Default;Default;Default;Default;"Job-TYVRNG(IterationCount=5, LaunchCount=1)";;1;Workload;Pilot;18;204129900;128;1594764.84;0;0;0;4820
Compare.NpgslInsert;Benchmark.Compare;Compare;NpgslInsert;Job-TYVRNG;Default;Default;Default;Default;Default;Default;Default;Default;Default;Default;Default;Default;Default;Default;Default;Default;Default;Default;Default;Default;Default;Default;Default;Default;Default;Default;Default;Default;Default;Default;Default;5;Default;1;Default;Default;Default;Default;Default;Default;Default;Default;"Job-TYVRNG(IterationCount=5, LaunchCount=1)";;1;Workload;Pilot;19;245046200;256;957211.72;0;0;0;4820
Compare.NpgslInsert;Benchmark.Compare;Compare;NpgslInsert;Job-TYVRNG;Default;Default;Default;Default;Default;Default;Default;Default;Default;Default;Default;Default;Default;Default;Default;Default;Default;Default;Default;Default;Default;Default;Default;Default;Default;Default;Default;Default;Default;Default;Default;5;Default;1;Default;Default;Default;Default;Default;Default;Default;Default;"Job-TYVRNG(IterationCount=5, LaunchCount=1)";;1;Workload;Pilot;20;439066200;512;857551.17;0;0;0;4820
Compare.NpgslInsert;Benchmark.Compare;Compare;NpgslInsert;Job-TYVRNG;Default;Default;Default;Default;Default;Default;Default;Default;Default;Default;Default;Default;Default;Default;Default;Default;Default;Default;Default;Default;Default;Default;Default;Default;Default;Default;Default;Default;Default;Default;Default;5;Default;1;Default;Default;Default;Default;Default;Default;Default;Default;"Job-TYVRNG(IterationCount=5, LaunchCount=1)";;1;Workload;Pilot;21;760293100;1024;742473.73;0;0;0;4820
Compare.NpgslInsert;Benchmark.Compare;Compare;NpgslInsert;Job-TYVRNG;Default;Default;Default;Default;Default;Default;Default;Default;Default;Default;Default;Default;Default;Default;Default;Default;Default;Default;Default;Default;Default;Default;Default;Default;Default;Default;Default;Default;Default;Default;Default;5;Default;1;Default;Default;Default;Default;Default;Default;Default;Default;"Job-TYVRNG(IterationCount=5, LaunchCount=1)";;1;Workload;Warmup;1;773868300;1024;755730.76;0;0;0;4820
Compare.NpgslInsert;Benchmark.Compare;Compare;NpgslInsert;Job-TYVRNG;Default;Default;Default;Default;Default;Default;Default;Default;Default;Default;Default;Default;Default;Default;Default;Default;Default;Default;Default;Default;Default;Default;Default;Default;Default;Default;Default;Default;Default;Default;Default;5;Default;1;Default;Default;Default;Default;Default;Default;Default;Default;"Job-TYVRNG(IterationCount=5, LaunchCount=1)";;1;Workload;Warmup;2;733525900;1024;716333.89;0;0;0;4820
Compare.NpgslInsert;Benchmark.Compare;Compare;NpgslInsert;Job-TYVRNG;Default;Default;Default;Default;Default;Default;Default;Default;Default;Default;Default;Default;Default;Default;Default;Default;Default;Default;Default;Default;Default;Default;Default;Default;Default;Default;Default;Default;Default;Default;Default;5;Default;1;Default;Default;Default;Default;Default;Default;Default;Default;"Job-TYVRNG(IterationCount=5, LaunchCount=1)";;1;Workload;Warmup;3;747639300;1024;730116.5;0;0;0;4820
Compare.NpgslInsert;Benchmark.Compare;Compare;NpgslInsert;Job-TYVRNG;Default;Default;Default;Default;Default;Default;Default;Default;Default;Default;Default;Default;Default;Default;Default;Default;Default;Default;Default;Default;Default;Default;Default;Default;Default;Default;Default;Default;Default;Default;Default;5;Default;1;Default;Default;Default;Default;Default;Default;Default;Default;"Job-TYVRNG(IterationCount=5, LaunchCount=1)";;1;Workload;Warmup;4;758456100;1024;740679.79;0;0;0;4820
Compare.NpgslInsert;Benchmark.Compare;Compare;NpgslInsert;Job-TYVRNG;Default;Default;Default;Default;Default;Default;Default;Default;Default;Default;Default;Default;Default;Default;Default;Default;Default;Default;Default;Default;Default;Default;Default;Default;Default;Default;Default;Default;Default;Default;Default;5;Default;1;Default;Default;Default;Default;Default;Default;Default;Default;"Job-TYVRNG(IterationCount=5, LaunchCount=1)";;1;Workload;Warmup;5;744542800;1024;727092.58;0;0;0;4820
Compare.NpgslInsert;Benchmark.Compare;Compare;NpgslInsert;Job-TYVRNG;Default;Default;Default;Default;Default;Default;Default;Default;Default;Default;Default;Default;Default;Default;Default;Default;Default;Default;Default;Default;Default;Default;Default;Default;Default;Default;Default;Default;Default;Default;Default;5;Default;1;Default;Default;Default;Default;Default;Default;Default;Default;"Job-TYVRNG(IterationCount=5, LaunchCount=1)";;1;Workload;Warmup;6;732544900;1024;715375.88;0;0;0;4820
Compare.NpgslInsert;Benchmark.Compare;Compare;NpgslInsert;Job-TYVRNG;Default;Default;Default;Default;Default;Default;Default;Default;Default;Default;Default;Default;Default;Default;Default;Default;Default;Default;Default;Default;Default;Default;Default;Default;Default;Default;Default;Default;Default;Default;Default;5;Default;1;Default;Default;Default;Default;Default;Default;Default;Default;"Job-TYVRNG(IterationCount=5, LaunchCount=1)";;1;Workload;Warmup;7;768867800;1024;750847.46;0;0;0;4820
Compare.NpgslInsert;Benchmark.Compare;Compare;NpgslInsert;Job-TYVRNG;Default;Default;Default;Default;Default;Default;Default;Default;Default;Default;Default;Default;Default;Default;Default;Default;Default;Default;Default;Default;Default;Default;Default;Default;Default;Default;Default;Default;Default;Default;Default;5;Default;1;Default;Default;Default;Default;Default;Default;Default;Default;"Job-TYVRNG(IterationCount=5, LaunchCount=1)";;1;Workload;Warmup;8;841924600;1024;822191.99;0;0;0;4820
Compare.NpgslInsert;Benchmark.Compare;Compare;NpgslInsert;Job-TYVRNG;Default;Default;Default;Default;Default;Default;Default;Default;Default;Default;Default;Default;Default;Default;Default;Default;Default;Default;Default;Default;Default;Default;Default;Default;Default;Default;Default;Default;Default;Default;Default;5;Default;1;Default;Default;Default;Default;Default;Default;Default;Default;"Job-TYVRNG(IterationCount=5, LaunchCount=1)";;1;Workload;Warmup;9;781625600;1024;763306.25;0;0;0;4820
Compare.NpgslInsert;Benchmark.Compare;Compare;NpgslInsert;Job-TYVRNG;Default;Default;Default;Default;Default;Default;Default;Default;Default;Default;Default;Default;Default;Default;Default;Default;Default;Default;Default;Default;Default;Default;Default;Default;Default;Default;Default;Default;Default;Default;Default;5;Default;1;Default;Default;Default;Default;Default;Default;Default;Default;"Job-TYVRNG(IterationCount=5, LaunchCount=1)";;1;Workload;Actual;1;770150800;1024;752100.39;0;0;0;4820
Compare.NpgslInsert;Benchmark.Compare;Compare;NpgslInsert;Job-TYVRNG;Default;Default;Default;Default;Default;Default;Default;Default;Default;Default;Default;Default;Default;Default;Default;Default;Default;Default;Default;Default;Default;Default;Default;Default;Default;Default;Default;Default;Default;Default;Default;5;Default;1;Default;Default;Default;Default;Default;Default;Default;Default;"Job-TYVRNG(IterationCount=5, LaunchCount=1)";;1;Workload;Actual;2;826550500;1024;807178.22;0;0;0;4820
Compare.NpgslInsert;Benchmark.Compare;Compare;NpgslInsert;Job-TYVRNG;Default;Default;Default;Default;Default;Default;Default;Default;Default;Default;Default;Default;Default;Default;Default;Default;Default;Default;Default;Default;Default;Default;Default;Default;Default;Default;Default;Default;Default;Default;Default;5;Default;1;Default;Default;Default;Default;Default;Default;Default;Default;"Job-TYVRNG(IterationCount=5, LaunchCount=1)";;1;Workload;Actual;3;790835100;1024;772299.9;0;0;0;4820
Compare.NpgslInsert;Benchmark.Compare;Compare;NpgslInsert;Job-TYVRNG;Default;Default;Default;Default;Default;Default;Default;Default;Default;Default;Default;Default;Default;Default;Default;Default;Default;Default;Default;Default;Default;Default;Default;Default;Default;Default;Default;Default;Default;Default;Default;5;Default;1;Default;Default;Default;Default;Default;Default;Default;Default;"Job-TYVRNG(IterationCount=5, LaunchCount=1)";;1;Workload;Actual;4;807531000;1024;788604.49;0;0;0;4820
Compare.NpgslInsert;Benchmark.Compare;Compare;NpgslInsert;Job-TYVRNG;Default;Default;Default;Default;Default;Default;Default;Default;Default;Default;Default;Default;Default;Default;Default;Default;Default;Default;Default;Default;Default;Default;Default;Default;Default;Default;Default;Default;Default;Default;Default;5;Default;1;Default;Default;Default;Default;Default;Default;Default;Default;"Job-TYVRNG(IterationCount=5, LaunchCount=1)";;1;Workload;Actual;5;923989700;1024;902333.69;0;0;0;4820
Compare.NpgslInsert;Benchmark.Compare;Compare;NpgslInsert;Job-TYVRNG;Default;Default;Default;Default;Default;Default;Default;Default;Default;Default;Default;Default;Default;Default;Default;Default;Default;Default;Default;Default;Default;Default;Default;Default;Default;Default;Default;Default;Default;Default;Default;5;Default;1;Default;Default;Default;Default;Default;Default;Default;Default;"Job-TYVRNG(IterationCount=5, LaunchCount=1)";;1;Workload;Result;1;770150800;1024;752100.39;0;0;0;4820
Compare.NpgslInsert;Benchmark.Compare;Compare;NpgslInsert;Job-TYVRNG;Default;Default;Default;Default;Default;Default;Default;Default;Default;Default;Default;Default;Default;Default;Default;Default;Default;Default;Default;Default;Default;Default;Default;Default;Default;Default;Default;Default;Default;Default;Default;5;Default;1;Default;Default;Default;Default;Default;Default;Default;Default;"Job-TYVRNG(IterationCount=5, LaunchCount=1)";;1;Workload;Result;2;826550500;1024;807178.22;0;0;0;4820
Compare.NpgslInsert;Benchmark.Compare;Compare;NpgslInsert;Job-TYVRNG;Default;Default;Default;Default;Default;Default;Default;Default;Default;Default;Default;Default;Default;Default;Default;Default;Default;Default;Default;Default;Default;Default;Default;Default;Default;Default;Default;Default;Default;Default;Default;5;Default;1;Default;Default;Default;Default;Default;Default;Default;Default;"Job-TYVRNG(IterationCount=5, LaunchCount=1)";;1;Workload;Result;3;790835100;1024;772299.9;0;0;0;4820
Compare.NpgslInsert;Benchmark.Compare;Compare;NpgslInsert;Job-TYVRNG;Default;Default;Default;Default;Default;Default;Default;Default;Default;Default;Default;Default;Default;Default;Default;Default;Default;Default;Default;Default;Default;Default;Default;Default;Default;Default;Default;Default;Default;Default;Default;5;Default;1;Default;Default;Default;Default;Default;Default;Default;Default;"Job-TYVRNG(IterationCount=5, LaunchCount=1)";;1;Workload;Result;4;807531000;1024;788604.49;0;0;0;4820
Compare.NpgslSelect;Benchmark.Compare;Compare;NpgslSelect;Job-TYVRNG;Default;Default;Default;Default;Default;Default;Default;Default;Default;Default;Default;Default;Default;Default;Default;Default;Default;Default;Default;Default;Default;Default;Default;Default;Default;Default;Default;Default;Default;Default;Default;5;Default;1;Default;Default;Default;Default;Default;Default;Default;Default;"Job-TYVRNG(IterationCount=5, LaunchCount=1)";;1;Overhead;Jitting;1;435000;1;435000;0;0;0;3854
Compare.NpgslSelect;Benchmark.Compare;Compare;NpgslSelect;Job-TYVRNG;Default;Default;Default;Default;Default;Default;Default;Default;Default;Default;Default;Default;Default;Default;Default;Default;Default;Default;Default;Default;Default;Default;Default;Default;Default;Default;Default;Default;Default;Default;Default;5;Default;1;Default;Default;Default;Default;Default;Default;Default;Default;"Job-TYVRNG(IterationCount=5, LaunchCount=1)";;1;Workload;Jitting;1;12125600;1;12125600;0;0;0;3854
Compare.NpgslSelect;Benchmark.Compare;Compare;NpgslSelect;Job-TYVRNG;Default;Default;Default;Default;Default;Default;Default;Default;Default;Default;Default;Default;Default;Default;Default;Default;Default;Default;Default;Default;Default;Default;Default;Default;Default;Default;Default;Default;Default;Default;Default;5;Default;1;Default;Default;Default;Default;Default;Default;Default;Default;"Job-TYVRNG(IterationCount=5, LaunchCount=1)";;1;Overhead;Jitting;2;1265800;16;79112.5;0;0;0;3854
Compare.NpgslSelect;Benchmark.Compare;Compare;NpgslSelect;Job-TYVRNG;Default;Default;Default;Default;Default;Default;Default;Default;Default;Default;Default;Default;Default;Default;Default;Default;Default;Default;Default;Default;Default;Default;Default;Default;Default;Default;Default;Default;Default;Default;Default;5;Default;1;Default;Default;Default;Default;Default;Default;Default;Default;"Job-TYVRNG(IterationCount=5, LaunchCount=1)";;1;Workload;Jitting;2;29931700;16;1870731.25;0;0;0;3854
Compare.NpgslSelect;Benchmark.Compare;Compare;NpgslSelect;Job-TYVRNG;Default;Default;Default;Default;Default;Default;Default;Default;Default;Default;Default;Default;Default;Default;Default;Default;Default;Default;Default;Default;Default;Default;Default;Default;Default;Default;Default;Default;Default;Default;Default;5;Default;1;Default;Default;Default;Default;Default;Default;Default;Default;"Job-TYVRNG(IterationCount=5, LaunchCount=1)";;1;Workload;Pilot;1;22806500;16;1425406.25;0;0;0;3854
Compare.NpgslSelect;Benchmark.Compare;Compare;NpgslSelect;Job-TYVRNG;Default;Default;Default;Default;Default;Default;Default;Default;Default;Default;Default;Default;Default;Default;Default;Default;Default;Default;Default;Default;Default;Default;Default;Default;Default;Default;Default;Default;Default;Default;Default;5;Default;1;Default;Default;Default;Default;Default;Default;Default;Default;"Job-TYVRNG(IterationCount=5, LaunchCount=1)";;1;Workload;Pilot;2;51221700;32;1600678.13;0;0;0;3854
Compare.NpgslSelect;Benchmark.Compare;Compare;NpgslSelect;Job-TYVRNG;Default;Default;Default;Default;Default;Default;Default;Default;Default;Default;Default;Default;Default;Default;Default;Default;Default;Default;Default;Default;Default;Default;Default;Default;Default;Default;Default;Default;Default;Default;Default;5;Default;1;Default;Default;Default;Default;Default;Default;Default;Default;"Job-TYVRNG(IterationCount=5, LaunchCount=1)";;1;Workload;Pilot;3;87594600;64;1368665.63;0;0;0;3854
Compare.NpgslSelect;Benchmark.Compare;Compare;NpgslSelect;Job-TYVRNG;Default;Default;Default;Default;Default;Default;Default;Default;Default;Default;Default;Default;Default;Default;Default;Default;Default;Default;Default;Default;Default;Default;Default;Default;Default;Default;Default;Default;Default;Default;Default;5;Default;1;Default;Default;Default;Default;Default;Default;Default;Default;"Job-TYVRNG(IterationCount=5, LaunchCount=1)";;1;Workload;Pilot;4;195656700;128;1528567.97;0;0;0;3854
Compare.NpgslSelect;Benchmark.Compare;Compare;NpgslSelect;Job-TYVRNG;Default;Default;Default;Default;Default;Default;Default;Default;Default;Default;Default;Default;Default;Default;Default;Default;Default;Default;Default;Default;Default;Default;Default;Default;Default;Default;Default;Default;Default;Default;Default;5;Default;1;Default;Default;Default;Default;Default;Default;Default;Default;"Job-TYVRNG(IterationCount=5, LaunchCount=1)";;1;Workload;Pilot;5;272652200;256;1065047.66;0;0;0;3854
Compare.NpgslSelect;Benchmark.Compare;Compare;NpgslSelect;Job-TYVRNG;Default;Default;Default;Default;Default;Default;Default;Default;Default;Default;Default;Default;Default;Default;Default;Default;Default;Default;Default;Default;Default;Default;Default;Default;Default;Default;Default;Default;Default;Default;Default;5;Default;1;Default;Default;Default;Default;Default;Default;Default;Default;"Job-TYVRNG(IterationCount=5, LaunchCount=1)";;1;Workload;Pilot;6;518785800;512;1013253.52;0;0;0;3854
Compare.NpgslSelect;Benchmark.Compare;Compare;NpgslSelect;Job-TYVRNG;Default;Default;Default;Default;Default;Default;Default;Default;Default;Default;Default;Default;Default;Default;Default;Default;Default;Default;Default;Default;Default;Default;Default;Default;Default;Default;Default;Default;Default;Default;Default;5;Default;1;Default;Default;Default;Default;Default;Default;Default;Default;"Job-TYVRNG(IterationCount=5, LaunchCount=1)";;1;Overhead;Warmup;1;7600;512;14.84;0;0;0;3854
Compare.NpgslSelect;Benchmark.Compare;Compare;NpgslSelect;Job-TYVRNG;Default;Default;Default;Default;Default;Default;Default;Default;Default;Default;Default;Default;Default;Default;Default;Default;Default;Default;Default;Default;Default;Default;Default;Default;Default;Default;Default;Default;Default;Default;Default;5;Default;1;Default;Default;Default;Default;Default;Default;Default;Default;"Job-TYVRNG(IterationCount=5, LaunchCount=1)";;1;Overhead;Warmup;2;7700;512;15.04;0;0;0;3854
Compare.NpgslSelect;Benchmark.Compare;Compare;NpgslSelect;Job-TYVRNG;Default;Default;Default;Default;Default;Default;Default;Default;Default;Default;Default;Default;Default;Default;Default;Default;Default;Default;Default;Default;Default;Default;Default;Default;Default;Default;Default;Default;Default;Default;Default;5;Default;1;Default;Default;Default;Default;Default;Default;Default;Default;"Job-TYVRNG(IterationCount=5, LaunchCount=1)";;1;Overhead;Warmup;3;4500;512;8.79;0;0;0;3854
Compare.NpgslSelect;Benchmark.Compare;Compare;NpgslSelect;Job-TYVRNG;Default;Default;Default;Default;Default;Default;Default;Default;Default;Default;Default;Default;Default;Default;Default;Default;Default;Default;Default;Default;Default;Default;Default;Default;Default;Default;Default;Default;Default;Default;Default;5;Default;1;Default;Default;Default;Default;Default;Default;Default;Default;"Job-TYVRNG(IterationCount=5, LaunchCount=1)";;1;Overhead;Warmup;4;5300;512;10.35;0;0;0;3854
Compare.NpgslSelect;Benchmark.Compare;Compare;NpgslSelect;Job-TYVRNG;Default;Default;Default;Default;Default;Default;Default;Default;Default;Default;Default;Default;Default;Default;Default;Default;Default;Default;Default;Default;Default;Default;Default;Default;Default;Default;Default;Default;Default;Default;Default;5;Default;1;Default;Default;Default;Default;Default;Default;Default;Default;"Job-TYVRNG(IterationCount=5, LaunchCount=1)";;1;Overhead;Warmup;5;5500;512;10.74;0;0;0;3854
Compare.NpgslSelect;Benchmark.Compare;Compare;NpgslSelect;Job-TYVRNG;Default;Default;Default;Default;Default;Default;Default;Default;Default;Default;Default;Default;Default;Default;Default;Default;Default;Default;Default;Default;Default;Default;Default;Default;Default;Default;Default;Default;Default;Default;Default;5;Default;1;Default;Default;Default;Default;Default;Default;Default;Default;"Job-TYVRNG(IterationCount=5, LaunchCount=1)";;1;Overhead;Warmup;6;4700;512;9.18;0;0;0;3854
Compare.NpgslSelect;Benchmark.Compare;Compare;NpgslSelect;Job-TYVRNG;Default;Default;Default;Default;Default;Default;Default;Default;Default;Default;Default;Default;Default;Default;Default;Default;Default;Default;Default;Default;Default;Default;Default;Default;Default;Default;Default;Default;Default;Default;Default;5;Default;1;Default;Default;Default;Default;Default;Default;Default;Default;"Job-TYVRNG(IterationCount=5, LaunchCount=1)";;1;Overhead;Actual;1;4300;512;8.4;0;0;0;3854
Compare.NpgslSelect;Benchmark.Compare;Compare;NpgslSelect;Job-TYVRNG;Default;Default;Default;Default;Default;Default;Default;Default;Default;Default;Default;Default;Default;Default;Default;Default;Default;Default;Default;Default;Default;Default;Default;Default;Default;Default;Default;Default;Default;Default;Default;5;Default;1;Default;Default;Default;Default;Default;Default;Default;Default;"Job-TYVRNG(IterationCount=5, LaunchCount=1)";;1;Overhead;Actual;2;11100;512;21.68;0;0;0;3854
Compare.NpgslSelect;Benchmark.Compare;Compare;NpgslSelect;Job-TYVRNG;Default;Default;Default;Default;Default;Default;Default;Default;Default;Default;Default;Default;Default;Default;Default;Default;Default;Default;Default;Default;Default;Default;Default;Default;Default;Default;Default;Default;Default;Default;Default;5;Default;1;Default;Default;Default;Default;Default;Default;Default;Default;"Job-TYVRNG(IterationCount=5, LaunchCount=1)";;1;Overhead;Actual;3;4600;512;8.98;0;0;0;3854
Compare.NpgslSelect;Benchmark.Compare;Compare;NpgslSelect;Job-TYVRNG;Default;Default;Default;Default;Default;Default;Default;Default;Default;Default;Default;Default;Default;Default;Default;Default;Default;Default;Default;Default;Default;Default;Default;Default;Default;Default;Default;Default;Default;Default;Default;5;Default;1;Default;Default;Default;Default;Default;Default;Default;Default;"Job-TYVRNG(IterationCount=5, LaunchCount=1)";;1;Overhead;Actual;4;6500;512;12.7;0;0;0;3854
Compare.NpgslSelect;Benchmark.Compare;Compare;NpgslSelect;Job-TYVRNG;Default;Default;Default;Default;Default;Default;Default;Default;Default;Default;Default;Default;Default;Default;Default;Default;Default;Default;Default;Default;Default;Default;Default;Default;Default;Default;Default;Default;Default;Default;Default;5;Default;1;Default;Default;Default;Default;Default;Default;Default;Default;"Job-TYVRNG(IterationCount=5, LaunchCount=1)";;1;Overhead;Actual;5;4000;512;7.81;0;0;0;3854
Compare.NpgslSelect;Benchmark.Compare;Compare;NpgslSelect;Job-TYVRNG;Default;Default;Default;Default;Default;Default;Default;Default;Default;Default;Default;Default;Default;Default;Default;Default;Default;Default;Default;Default;Default;Default;Default;Default;Default;Default;Default;Default;Default;Default;Default;5;Default;1;Default;Default;Default;Default;Default;Default;Default;Default;"Job-TYVRNG(IterationCount=5, LaunchCount=1)";;1;Overhead;Actual;6;5700;512;11.13;0;0;0;3854
Compare.NpgslSelect;Benchmark.Compare;Compare;NpgslSelect;Job-TYVRNG;Default;Default;Default;Default;Default;Default;Default;Default;Default;Default;Default;Default;Default;Default;Default;Default;Default;Default;Default;Default;Default;Default;Default;Default;Default;Default;Default;Default;Default;Default;Default;5;Default;1;Default;Default;Default;Default;Default;Default;Default;Default;"Job-TYVRNG(IterationCount=5, LaunchCount=1)";;1;Overhead;Actual;7;4100;512;8.01;0;0;0;3854
Compare.NpgslSelect;Benchmark.Compare;Compare;NpgslSelect;Job-TYVRNG;Default;Default;Default;Default;Default;Default;Default;Default;Default;Default;Default;Default;Default;Default;Default;Default;Default;Default;Default;Default;Default;Default;Default;Default;Default;Default;Default;Default;Default;Default;Default;5;Default;1;Default;Default;Default;Default;Default;Default;Default;Default;"Job-TYVRNG(IterationCount=5, LaunchCount=1)";;1;Overhead;Actual;8;4200;512;8.2;0;0;0;3854
Compare.NpgslSelect;Benchmark.Compare;Compare;NpgslSelect;Job-TYVRNG;Default;Default;Default;Default;Default;Default;Default;Default;Default;Default;Default;Default;Default;Default;Default;Default;Default;Default;Default;Default;Default;Default;Default;Default;Default;Default;Default;Default;Default;Default;Default;5;Default;1;Default;Default;Default;Default;Default;Default;Default;Default;"Job-TYVRNG(IterationCount=5, LaunchCount=1)";;1;Overhead;Actual;9;5000;512;9.77;0;0;0;3854
Compare.NpgslSelect;Benchmark.Compare;Compare;NpgslSelect;Job-TYVRNG;Default;Default;Default;Default;Default;Default;Default;Default;Default;Default;Default;Default;Default;Default;Default;Default;Default;Default;Default;Default;Default;Default;Default;Default;Default;Default;Default;Default;Default;Default;Default;5;Default;1;Default;Default;Default;Default;Default;Default;Default;Default;"Job-TYVRNG(IterationCount=5, LaunchCount=1)";;1;Overhead;Actual;10;4000;512;7.81;0;0;0;3854
Compare.NpgslSelect;Benchmark.Compare;Compare;NpgslSelect;Job-TYVRNG;Default;Default;Default;Default;Default;Default;Default;Default;Default;Default;Default;Default;Default;Default;Default;Default;Default;Default;Default;Default;Default;Default;Default;Default;Default;Default;Default;Default;Default;Default;Default;5;Default;1;Default;Default;Default;Default;Default;Default;Default;Default;"Job-TYVRNG(IterationCount=5, LaunchCount=1)";;1;Overhead;Actual;11;4000;512;7.81;0;0;0;3854
Compare.NpgslSelect;Benchmark.Compare;Compare;NpgslSelect;Job-TYVRNG;Default;Default;Default;Default;Default;Default;Default;Default;Default;Default;Default;Default;Default;Default;Default;Default;Default;Default;Default;Default;Default;Default;Default;Default;Default;Default;Default;Default;Default;Default;Default;5;Default;1;Default;Default;Default;Default;Default;Default;Default;Default;"Job-TYVRNG(IterationCount=5, LaunchCount=1)";;1;Overhead;Actual;12;5000;512;9.77;0;0;0;3854
Compare.NpgslSelect;Benchmark.Compare;Compare;NpgslSelect;Job-TYVRNG;Default;Default;Default;Default;Default;Default;Default;Default;Default;Default;Default;Default;Default;Default;Default;Default;Default;Default;Default;Default;Default;Default;Default;Default;Default;Default;Default;Default;Default;Default;Default;5;Default;1;Default;Default;Default;Default;Default;Default;Default;Default;"Job-TYVRNG(IterationCount=5, LaunchCount=1)";;1;Overhead;Actual;13;5400;512;10.55;0;0;0;3854
Compare.NpgslSelect;Benchmark.Compare;Compare;NpgslSelect;Job-TYVRNG;Default;Default;Default;Default;Default;Default;Default;Default;Default;Default;Default;Default;Default;Default;Default;Default;Default;Default;Default;Default;Default;Default;Default;Default;Default;Default;Default;Default;Default;Default;Default;5;Default;1;Default;Default;Default;Default;Default;Default;Default;Default;"Job-TYVRNG(IterationCount=5, LaunchCount=1)";;1;Overhead;Actual;14;3900;512;7.62;0;0;0;3854
Compare.NpgslSelect;Benchmark.Compare;Compare;NpgslSelect;Job-TYVRNG;Default;Default;Default;Default;Default;Default;Default;Default;Default;Default;Default;Default;Default;Default;Default;Default;Default;Default;Default;Default;Default;Default;Default;Default;Default;Default;Default;Default;Default;Default;Default;5;Default;1;Default;Default;Default;Default;Default;Default;Default;Default;"Job-TYVRNG(IterationCount=5, LaunchCount=1)";;1;Overhead;Actual;15;4200;512;8.2;0;0;0;3854
Compare.NpgslSelect;Benchmark.Compare;Compare;NpgslSelect;Job-TYVRNG;Default;Default;Default;Default;Default;Default;Default;Default;Default;Default;Default;Default;Default;Default;Default;Default;Default;Default;Default;Default;Default;Default;Default;Default;Default;Default;Default;Default;Default;Default;Default;5;Default;1;Default;Default;Default;Default;Default;Default;Default;Default;"Job-TYVRNG(IterationCount=5, LaunchCount=1)";;1;Overhead;Actual;16;3900;512;7.62;0;0;0;3854
Compare.NpgslSelect;Benchmark.Compare;Compare;NpgslSelect;Job-TYVRNG;Default;Default;Default;Default;Default;Default;Default;Default;Default;Default;Default;Default;Default;Default;Default;Default;Default;Default;Default;Default;Default;Default;Default;Default;Default;Default;Default;Default;Default;Default;Default;5;Default;1;Default;Default;Default;Default;Default;Default;Default;Default;"Job-TYVRNG(IterationCount=5, LaunchCount=1)";;1;Overhead;Actual;17;10600;512;20.7;0;0;0;3854
Compare.NpgslSelect;Benchmark.Compare;Compare;NpgslSelect;Job-TYVRNG;Default;Default;Default;Default;Default;Default;Default;Default;Default;Default;Default;Default;Default;Default;Default;Default;Default;Default;Default;Default;Default;Default;Default;Default;Default;Default;Default;Default;Default;Default;Default;5;Default;1;Default;Default;Default;Default;Default;Default;Default;Default;"Job-TYVRNG(IterationCount=5, LaunchCount=1)";;1;Overhead;Actual;18;3600;512;7.03;0;0;0;3854
Compare.NpgslSelect;Benchmark.Compare;Compare;NpgslSelect;Job-TYVRNG;Default;Default;Default;Default;Default;Default;Default;Default;Default;Default;Default;Default;Default;Default;Default;Default;Default;Default;Default;Default;Default;Default;Default;Default;Default;Default;Default;Default;Default;Default;Default;5;Default;1;Default;Default;Default;Default;Default;Default;Default;Default;"Job-TYVRNG(IterationCount=5, LaunchCount=1)";;1;Overhead;Actual;19;3600;512;7.03;0;0;0;3854
Compare.NpgslSelect;Benchmark.Compare;Compare;NpgslSelect;Job-TYVRNG;Default;Default;Default;Default;Default;Default;Default;Default;Default;Default;Default;Default;Default;Default;Default;Default;Default;Default;Default;Default;Default;Default;Default;Default;Default;Default;Default;Default;Default;Default;Default;5;Default;1;Default;Default;Default;Default;Default;Default;Default;Default;"Job-TYVRNG(IterationCount=5, LaunchCount=1)";;1;Overhead;Actual;20;3600;512;7.03;0;0;0;3854
Compare.NpgslSelect;Benchmark.Compare;Compare;NpgslSelect;Job-TYVRNG;Default;Default;Default;Default;Default;Default;Default;Default;Default;Default;Default;Default;Default;Default;Default;Default;Default;Default;Default;Default;Default;Default;Default;Default;Default;Default;Default;Default;Default;Default;Default;5;Default;1;Default;Default;Default;Default;Default;Default;Default;Default;"Job-TYVRNG(IterationCount=5, LaunchCount=1)";;1;Workload;Warmup;1;355194700;512;693739.65;0;0;0;3854
Compare.NpgslSelect;Benchmark.Compare;Compare;NpgslSelect;Job-TYVRNG;Default;Default;Default;Default;Default;Default;Default;Default;Default;Default;Default;Default;Default;Default;Default;Default;Default;Default;Default;Default;Default;Default;Default;Default;Default;Default;Default;Default;Default;Default;Default;5;Default;1;Default;Default;Default;Default;Default;Default;Default;Default;"Job-TYVRNG(IterationCount=5, LaunchCount=1)";;1;Workload;Warmup;2;362082500;512;707192.38;0;0;0;3854
Compare.NpgslSelect;Benchmark.Compare;Compare;NpgslSelect;Job-TYVRNG;Default;Default;Default;Default;Default;Default;Default;Default;Default;Default;Default;Default;Default;Default;Default;Default;Default;Default;Default;Default;Default;Default;Default;Default;Default;Default;Default;Default;Default;Default;Default;5;Default;1;Default;Default;Default;Default;Default;Default;Default;Default;"Job-TYVRNG(IterationCount=5, LaunchCount=1)";;1;Workload;Warmup;3;377277000;512;736869.14;0;0;0;3854
Compare.NpgslSelect;Benchmark.Compare;Compare;NpgslSelect;Job-TYVRNG;Default;Default;Default;Default;Default;Default;Default;Default;Default;Default;Default;Default;Default;Default;Default;Default;Default;Default;Default;Default;Default;Default;Default;Default;Default;Default;Default;Default;Default;Default;Default;5;Default;1;Default;Default;Default;Default;Default;Default;Default;Default;"Job-TYVRNG(IterationCount=5, LaunchCount=1)";;1;Workload;Warmup;4;410474900;512;801708.79;0;0;0;3854
Compare.NpgslSelect;Benchmark.Compare;Compare;NpgslSelect;Job-TYVRNG;Default;Default;Default;Default;Default;Default;Default;Default;Default;Default;Default;Default;Default;Default;Default;Default;Default;Default;Default;Default;Default;Default;Default;Default;Default;Default;Default;Default;Default;Default;Default;5;Default;1;Default;Default;Default;Default;Default;Default;Default;Default;"Job-TYVRNG(IterationCount=5, LaunchCount=1)";;1;Workload;Warmup;5;847676500;512;1655618.16;0;0;0;3854
Compare.NpgslSelect;Benchmark.Compare;Compare;NpgslSelect;Job-TYVRNG;Default;Default;Default;Default;Default;Default;Default;Default;Default;Default;Default;Default;Default;Default;Default;Default;Default;Default;Default;Default;Default;Default;Default;Default;Default;Default;Default;Default;Default;Default;Default;5;Default;1;Default;Default;Default;Default;Default;Default;Default;Default;"Job-TYVRNG(IterationCount=5, LaunchCount=1)";;1;Workload;Warmup;6;681989400;512;1332010.55;0;0;0;3854
Compare.NpgslSelect;Benchmark.Compare;Compare;NpgslSelect;Job-TYVRNG;Default;Default;Default;Default;Default;Default;Default;Default;Default;Default;Default;Default;Default;Default;Default;Default;Default;Default;Default;Default;Default;Default;Default;Default;Default;Default;Default;Default;Default;Default;Default;5;Default;1;Default;Default;Default;Default;Default;Default;Default;Default;"Job-TYVRNG(IterationCount=5, LaunchCount=1)";;1;Workload;Warmup;7;487638500;512;952418.95;0;0;0;3854
Compare.NpgslSelect;Benchmark.Compare;Compare;NpgslSelect;Job-TYVRNG;Default;Default;Default;Default;Default;Default;Default;Default;Default;Default;Default;Default;Default;Default;Default;Default;Default;Default;Default;Default;Default;Default;Default;Default;Default;Default;Default;Default;Default;Default;Default;5;Default;1;Default;Default;Default;Default;Default;Default;Default;Default;"Job-TYVRNG(IterationCount=5, LaunchCount=1)";;1;Workload;Warmup;8;468156600;512;914368.36;0;0;0;3854
Compare.NpgslSelect;Benchmark.Compare;Compare;NpgslSelect;Job-TYVRNG;Default;Default;Default;Default;Default;Default;Default;Default;Default;Default;Default;Default;Default;Default;Default;Default;Default;Default;Default;Default;Default;Default;Default;Default;Default;Default;Default;Default;Default;Default;Default;5;Default;1;Default;Default;Default;Default;Default;Default;Default;Default;"Job-TYVRNG(IterationCount=5, LaunchCount=1)";;1;Workload;Warmup;9;365110800;512;713107.03;0;0;0;3854
Compare.NpgslSelect;Benchmark.Compare;Compare;NpgslSelect;Job-TYVRNG;Default;Default;Default;Default;Default;Default;Default;Default;Default;Default;Default;Default;Default;Default;Default;Default;Default;Default;Default;Default;Default;Default;Default;Default;Default;Default;Default;Default;Default;Default;Default;5;Default;1;Default;Default;Default;Default;Default;Default;Default;Default;"Job-TYVRNG(IterationCount=5, LaunchCount=1)";;1;Workload;Warmup;10;375365400;512;733135.55;0;0;0;3854
Compare.NpgslSelect;Benchmark.Compare;Compare;NpgslSelect;Job-TYVRNG;Default;Default;Default;Default;Default;Default;Default;Default;Default;Default;Default;Default;Default;Default;Default;Default;Default;Default;Default;Default;Default;Default;Default;Default;Default;Default;Default;Default;Default;Default;Default;5;Default;1;Default;Default;Default;Default;Default;Default;Default;Default;"Job-TYVRNG(IterationCount=5, LaunchCount=1)";;1;Workload;Warmup;11;449464300;512;877859.96;0;0;0;3854
Compare.NpgslSelect;Benchmark.Compare;Compare;NpgslSelect;Job-TYVRNG;Default;Default;Default;Default;Default;Default;Default;Default;Default;Default;Default;Default;Default;Default;Default;Default;Default;Default;Default;Default;Default;Default;Default;Default;Default;Default;Default;Default;Default;Default;Default;5;Default;1;Default;Default;Default;Default;Default;Default;Default;Default;"Job-TYVRNG(IterationCount=5, LaunchCount=1)";;1;Workload;Warmup;12;369891800;512;722444.92;0;0;0;3854
Compare.NpgslSelect;Benchmark.Compare;Compare;NpgslSelect;Job-TYVRNG;Default;Default;Default;Default;Default;Default;Default;Default;Default;Default;Default;Default;Default;Default;Default;Default;Default;Default;Default;Default;Default;Default;Default;Default;Default;Default;Default;Default;Default;Default;Default;5;Default;1;Default;Default;Default;Default;Default;Default;Default;Default;"Job-TYVRNG(IterationCount=5, LaunchCount=1)";;1;Workload;Actual;1;394501200;512;770510.16;0;0;0;3854
Compare.NpgslSelect;Benchmark.Compare;Compare;NpgslSelect;Job-TYVRNG;Default;Default;Default;Default;Default;Default;Default;Default;Default;Default;Default;Default;Default;Default;Default;Default;Default;Default;Default;Default;Default;Default;Default;Default;Default;Default;Default;Default;Default;Default;Default;5;Default;1;Default;Default;Default;Default;Default;Default;Default;Default;"Job-TYVRNG(IterationCount=5, LaunchCount=1)";;1;Workload;Actual;2;374685900;512;731808.4;0;0;0;3854
Compare.NpgslSelect;Benchmark.Compare;Compare;NpgslSelect;Job-TYVRNG;Default;Default;Default;Default;Default;Default;Default;Default;Default;Default;Default;Default;Default;Default;Default;Default;Default;Default;Default;Default;Default;Default;Default;Default;Default;Default;Default;Default;Default;Default;Default;5;Default;1;Default;Default;Default;Default;Default;Default;Default;Default;"Job-TYVRNG(IterationCount=5, LaunchCount=1)";;1;Workload;Actual;3;438013700;512;855495.51;0;0;0;3854
Compare.NpgslSelect;Benchmark.Compare;Compare;NpgslSelect;Job-TYVRNG;Default;Default;Default;Default;Default;Default;Default;Default;Default;Default;Default;Default;Default;Default;Default;Default;Default;Default;Default;Default;Default;Default;Default;Default;Default;Default;Default;Default;Default;Default;Default;5;Default;1;Default;Default;Default;Default;Default;Default;Default;Default;"Job-TYVRNG(IterationCount=5, LaunchCount=1)";;1;Workload;Actual;4;511367300;512;998764.26;0;0;0;3854
Compare.NpgslSelect;Benchmark.Compare;Compare;NpgslSelect;Job-TYVRNG;Default;Default;Default;Default;Default;Default;Default;Default;Default;Default;Default;Default;Default;Default;Default;Default;Default;Default;Default;Default;Default;Default;Default;Default;Default;Default;Default;Default;Default;Default;Default;5;Default;1;Default;Default;Default;Default;Default;Default;Default;Default;"Job-TYVRNG(IterationCount=5, LaunchCount=1)";;1;Workload;Actual;5;586961100;512;1146408.4;0;0;0;3854
Compare.NpgslSelect;Benchmark.Compare;Compare;NpgslSelect;Job-TYVRNG;Default;Default;Default;Default;Default;Default;Default;Default;Default;Default;Default;Default;Default;Default;Default;Default;Default;Default;Default;Default;Default;Default;Default;Default;Default;Default;Default;Default;Default;Default;Default;5;Default;1;Default;Default;Default;Default;Default;Default;Default;Default;"Job-TYVRNG(IterationCount=5, LaunchCount=1)";;1;Workload;Result;1;394497000;512;770501.95;0;0;0;3854
Compare.NpgslSelect;Benchmark.Compare;Compare;NpgslSelect;Job-TYVRNG;Default;Default;Default;Default;Default;Default;Default;Default;Default;Default;Default;Default;Default;Default;Default;Default;Default;Default;Default;Default;Default;Default;Default;Default;Default;Default;Default;Default;Default;Default;Default;5;Default;1;Default;Default;Default;Default;Default;Default;Default;Default;"Job-TYVRNG(IterationCount=5, LaunchCount=1)";;1;Workload;Result;2;374681700;512;731800.2;0;0;0;3854
Compare.NpgslSelect;Benchmark.Compare;Compare;NpgslSelect;Job-TYVRNG;Default;Default;Default;Default;Default;Default;Default;Default;Default;Default;Default;Default;Default;Default;Default;Default;Default;Default;Default;Default;Default;Default;Default;Default;Default;Default;Default;Default;Default;Default;Default;5;Default;1;Default;Default;Default;Default;Default;Default;Default;Default;"Job-TYVRNG(IterationCount=5, LaunchCount=1)";;1;Workload;Result;3;438009500;512;855487.3;0;0;0;3854
Compare.NpgslSelect;Benchmark.Compare;Compare;NpgslSelect;Job-TYVRNG;Default;Default;Default;Default;Default;Default;Default;Default;Default;Default;Default;Default;Default;Default;Default;Default;Default;Default;Default;Default;Default;Default;Default;Default;Default;Default;Default;Default;Default;Default;Default;5;Default;1;Default;Default;Default;Default;Default;Default;Default;Default;"Job-TYVRNG(IterationCount=5, LaunchCount=1)";;1;Workload;Result;4;511363100;512;998756.05;0;0;0;3854
Compare.NpgslSelect;Benchmark.Compare;Compare;NpgslSelect;Job-TYVRNG;Default;Default;Default;Default;Default;Default;Default;Default;Default;Default;Default;Default;Default;Default;Default;Default;Default;Default;Default;Default;Default;Default;Default;Default;Default;Default;Default;Default;Default;Default;Default;5;Default;1;Default;Default;Default;Default;Default;Default;Default;Default;"Job-TYVRNG(IterationCount=5, LaunchCount=1)";;1;Workload;Result;5;586956900;512;1146400.2;0;0;0;3854
Compare.DapperInsert;Benchmark.Compare;Compare;DapperInsert;Job-TYVRNG;Default;Default;Default;Default;Default;Default;Default;Default;Default;Default;Default;Default;Default;Default;Default;Default;Default;Default;Default;Default;Default;Default;Default;Default;Default;Default;Default;Default;Default;Default;Default;5;Default;1;Default;Default;Default;Default;Default;Default;Default;Default;"Job-TYVRNG(IterationCount=5, LaunchCount=1)";;1;Overhead;Jitting;1;216900;1;216900;0;0;0;5131
Compare.DapperInsert;Benchmark.Compare;Compare;DapperInsert;Job-TYVRNG;Default;Default;Default;Default;Default;Default;Default;Default;Default;Default;Default;Default;Default;Default;Default;Default;Default;Default;Default;Default;Default;Default;Default;Default;Default;Default;Default;Default;Default;Default;Default;5;Default;1;Default;Default;Default;Default;Default;Default;Default;Default;"Job-TYVRNG(IterationCount=5, LaunchCount=1)";;1;Workload;Jitting;1;72699700;1;72699700;0;0;0;5131
Compare.DapperInsert;Benchmark.Compare;Compare;DapperInsert;Job-TYVRNG;Default;Default;Default;Default;Default;Default;Default;Default;Default;Default;Default;Default;Default;Default;Default;Default;Default;Default;Default;Default;Default;Default;Default;Default;Default;Default;Default;Default;Default;Default;Default;5;Default;1;Default;Default;Default;Default;Default;Default;Default;Default;"Job-TYVRNG(IterationCount=5, LaunchCount=1)";;1;Workload;Pilot;1;4648600;2;2324300;0;0;0;5131
Compare.DapperInsert;Benchmark.Compare;Compare;DapperInsert;Job-TYVRNG;Default;Default;Default;Default;Default;Default;Default;Default;Default;Default;Default;Default;Default;Default;Default;Default;Default;Default;Default;Default;Default;Default;Default;Default;Default;Default;Default;Default;Default;Default;Default;5;Default;1;Default;Default;Default;Default;Default;Default;Default;Default;"Job-TYVRNG(IterationCount=5, LaunchCount=1)";;1;Workload;Pilot;2;3247000;3;1082333.33;0;0;0;5131
Compare.DapperInsert;Benchmark.Compare;Compare;DapperInsert;Job-TYVRNG;Default;Default;Default;Default;Default;Default;Default;Default;Default;Default;Default;Default;Default;Default;Default;Default;Default;Default;Default;Default;Default;Default;Default;Default;Default;Default;Default;Default;Default;Default;Default;5;Default;1;Default;Default;Default;Default;Default;Default;Default;Default;"Job-TYVRNG(IterationCount=5, LaunchCount=1)";;1;Workload;Pilot;3;5170300;4;1292575;0;0;0;5131
Compare.DapperInsert;Benchmark.Compare;Compare;DapperInsert;Job-TYVRNG;Default;Default;Default;Default;Default;Default;Default;Default;Default;Default;Default;Default;Default;Default;Default;Default;Default;Default;Default;Default;Default;Default;Default;Default;Default;Default;Default;Default;Default;Default;Default;5;Default;1;Default;Default;Default;Default;Default;Default;Default;Default;"Job-TYVRNG(IterationCount=5, LaunchCount=1)";;1;Workload;Pilot;4;5369100;5;1073820;0;0;0;5131
Compare.DapperInsert;Benchmark.Compare;Compare;DapperInsert;Job-TYVRNG;Default;Default;Default;Default;Default;Default;Default;Default;Default;Default;Default;Default;Default;Default;Default;Default;Default;Default;Default;Default;Default;Default;Default;Default;Default;Default;Default;Default;Default;Default;Default;5;Default;1;Default;Default;Default;Default;Default;Default;Default;Default;"Job-TYVRNG(IterationCount=5, LaunchCount=1)";;1;Workload;Pilot;5;5732000;6;955333.33;0;0;0;5131
Compare.DapperInsert;Benchmark.Compare;Compare;DapperInsert;Job-TYVRNG;Default;Default;Default;Default;Default;Default;Default;Default;Default;Default;Default;Default;Default;Default;Default;Default;Default;Default;Default;Default;Default;Default;Default;Default;Default;Default;Default;Default;Default;Default;Default;5;Default;1;Default;Default;Default;Default;Default;Default;Default;Default;"Job-TYVRNG(IterationCount=5, LaunchCount=1)";;1;Workload;Pilot;6;6618000;7;945428.57;0;0;0;5131
Compare.DapperInsert;Benchmark.Compare;Compare;DapperInsert;Job-TYVRNG;Default;Default;Default;Default;Default;Default;Default;Default;Default;Default;Default;Default;Default;Default;Default;Default;Default;Default;Default;Default;Default;Default;Default;Default;Default;Default;Default;Default;Default;Default;Default;5;Default;1;Default;Default;Default;Default;Default;Default;Default;Default;"Job-TYVRNG(IterationCount=5, LaunchCount=1)";;1;Workload;Pilot;7;8083500;8;1010437.5;0;0;0;5131
Compare.DapperInsert;Benchmark.Compare;Compare;DapperInsert;Job-TYVRNG;Default;Default;Default;Default;Default;Default;Default;Default;Default;Default;Default;Default;Default;Default;Default;Default;Default;Default;Default;Default;Default;Default;Default;Default;Default;Default;Default;Default;Default;Default;Default;5;Default;1;Default;Default;Default;Default;Default;Default;Default;Default;"Job-TYVRNG(IterationCount=5, LaunchCount=1)";;1;Workload;Pilot;8;10070800;9;1118977.78;0;0;0;5131
Compare.DapperInsert;Benchmark.Compare;Compare;DapperInsert;Job-TYVRNG;Default;Default;Default;Default;Default;Default;Default;Default;Default;Default;Default;Default;Default;Default;Default;Default;Default;Default;Default;Default;Default;Default;Default;Default;Default;Default;Default;Default;Default;Default;Default;5;Default;1;Default;Default;Default;Default;Default;Default;Default;Default;"Job-TYVRNG(IterationCount=5, LaunchCount=1)";;1;Workload;Pilot;9;8116300;10;811630;0;0;0;5131
Compare.DapperInsert;Benchmark.Compare;Compare;DapperInsert;Job-TYVRNG;Default;Default;Default;Default;Default;Default;Default;Default;Default;Default;Default;Default;Default;Default;Default;Default;Default;Default;Default;Default;Default;Default;Default;Default;Default;Default;Default;Default;Default;Default;Default;5;Default;1;Default;Default;Default;Default;Default;Default;Default;Default;"Job-TYVRNG(IterationCount=5, LaunchCount=1)";;1;Workload;Pilot;10;9440200;11;858200;0;0;0;5131
Compare.DapperInsert;Benchmark.Compare;Compare;DapperInsert;Job-TYVRNG;Default;Default;Default;Default;Default;Default;Default;Default;Default;Default;Default;Default;Default;Default;Default;Default;Default;Default;Default;Default;Default;Default;Default;Default;Default;Default;Default;Default;Default;Default;Default;5;Default;1;Default;Default;Default;Default;Default;Default;Default;Default;"Job-TYVRNG(IterationCount=5, LaunchCount=1)";;1;Workload;Pilot;11;16080300;12;1340025;0;0;0;5131
Compare.DapperInsert;Benchmark.Compare;Compare;DapperInsert;Job-TYVRNG;Default;Default;Default;Default;Default;Default;Default;Default;Default;Default;Default;Default;Default;Default;Default;Default;Default;Default;Default;Default;Default;Default;Default;Default;Default;Default;Default;Default;Default;Default;Default;5;Default;1;Default;Default;Default;Default;Default;Default;Default;Default;"Job-TYVRNG(IterationCount=5, LaunchCount=1)";;1;Workload;Pilot;12;16856800;13;1296676.92;0;0;0;5131
Compare.DapperInsert;Benchmark.Compare;Compare;DapperInsert;Job-TYVRNG;Default;Default;Default;Default;Default;Default;Default;Default;Default;Default;Default;Default;Default;Default;Default;Default;Default;Default;Default;Default;Default;Default;Default;Default;Default;Default;Default;Default;Default;Default;Default;5;Default;1;Default;Default;Default;Default;Default;Default;Default;Default;"Job-TYVRNG(IterationCount=5, LaunchCount=1)";;1;Workload;Pilot;13;14654100;14;1046721.43;0;0;0;5131
Compare.DapperInsert;Benchmark.Compare;Compare;DapperInsert;Job-TYVRNG;Default;Default;Default;Default;Default;Default;Default;Default;Default;Default;Default;Default;Default;Default;Default;Default;Default;Default;Default;Default;Default;Default;Default;Default;Default;Default;Default;Default;Default;Default;Default;5;Default;1;Default;Default;Default;Default;Default;Default;Default;Default;"Job-TYVRNG(IterationCount=5, LaunchCount=1)";;1;Workload;Pilot;14;13942500;15;929500;0;0;0;5131
Compare.DapperInsert;Benchmark.Compare;Compare;DapperInsert;Job-TYVRNG;Default;Default;Default;Default;Default;Default;Default;Default;Default;Default;Default;Default;Default;Default;Default;Default;Default;Default;Default;Default;Default;Default;Default;Default;Default;Default;Default;Default;Default;Default;Default;5;Default;1;Default;Default;Default;Default;Default;Default;Default;Default;"Job-TYVRNG(IterationCount=5, LaunchCount=1)";;1;Workload;Pilot;15;14194500;16;887156.25;0;0;0;5131
Compare.DapperInsert;Benchmark.Compare;Compare;DapperInsert;Job-TYVRNG;Default;Default;Default;Default;Default;Default;Default;Default;Default;Default;Default;Default;Default;Default;Default;Default;Default;Default;Default;Default;Default;Default;Default;Default;Default;Default;Default;Default;Default;Default;Default;5;Default;1;Default;Default;Default;Default;Default;Default;Default;Default;"Job-TYVRNG(IterationCount=5, LaunchCount=1)";;1;Workload;Pilot;16;28786100;32;899565.63;0;0;0;5131
Compare.DapperInsert;Benchmark.Compare;Compare;DapperInsert;Job-TYVRNG;Default;Default;Default;Default;Default;Default;Default;Default;Default;Default;Default;Default;Default;Default;Default;Default;Default;Default;Default;Default;Default;Default;Default;Default;Default;Default;Default;Default;Default;Default;Default;5;Default;1;Default;Default;Default;Default;Default;Default;Default;Default;"Job-TYVRNG(IterationCount=5, LaunchCount=1)";;1;Workload;Pilot;17;62695700;64;979620.31;0;0;0;5131
Compare.DapperInsert;Benchmark.Compare;Compare;DapperInsert;Job-TYVRNG;Default;Default;Default;Default;Default;Default;Default;Default;Default;Default;Default;Default;Default;Default;Default;Default;Default;Default;Default;Default;Default;Default;Default;Default;Default;Default;Default;Default;Default;Default;Default;5;Default;1;Default;Default;Default;Default;Default;Default;Default;Default;"Job-TYVRNG(IterationCount=5, LaunchCount=1)";;1;Workload;Pilot;18;228501000;128;1785164.06;0;0;0;5131
Compare.DapperInsert;Benchmark.Compare;Compare;DapperInsert;Job-TYVRNG;Default;Default;Default;Default;Default;Default;Default;Default;Default;Default;Default;Default;Default;Default;Default;Default;Default;Default;Default;Default;Default;Default;Default;Default;Default;Default;Default;Default;Default;Default;Default;5;Default;1;Default;Default;Default;Default;Default;Default;Default;Default;"Job-TYVRNG(IterationCount=5, LaunchCount=1)";;1;Workload;Pilot;19;384816200;256;1503188.28;0;0;0;5131
Compare.DapperInsert;Benchmark.Compare;Compare;DapperInsert;Job-TYVRNG;Default;Default;Default;Default;Default;Default;Default;Default;Default;Default;Default;Default;Default;Default;Default;Default;Default;Default;Default;Default;Default;Default;Default;Default;Default;Default;Default;Default;Default;Default;Default;5;Default;1;Default;Default;Default;Default;Default;Default;Default;Default;"Job-TYVRNG(IterationCount=5, LaunchCount=1)";;1;Workload;Pilot;20;833039000;512;1627029.3;0;0;0;5131
Compare.DapperInsert;Benchmark.Compare;Compare;DapperInsert;Job-TYVRNG;Default;Default;Default;Default;Default;Default;Default;Default;Default;Default;Default;Default;Default;Default;Default;Default;Default;Default;Default;Default;Default;Default;Default;Default;Default;Default;Default;Default;Default;Default;Default;5;Default;1;Default;Default;Default;Default;Default;Default;Default;Default;"Job-TYVRNG(IterationCount=5, LaunchCount=1)";;1;Workload;Warmup;1;920339100;512;1797537.3;0;0;0;5131
Compare.DapperInsert;Benchmark.Compare;Compare;DapperInsert;Job-TYVRNG;Default;Default;Default;Default;Default;Default;Default;Default;Default;Default;Default;Default;Default;Default;Default;Default;Default;Default;Default;Default;Default;Default;Default;Default;Default;Default;Default;Default;Default;Default;Default;5;Default;1;Default;Default;Default;Default;Default;Default;Default;Default;"Job-TYVRNG(IterationCount=5, LaunchCount=1)";;1;Workload;Warmup;2;1095150900;512;2138966.6;0;0;0;5131
Compare.DapperInsert;Benchmark.Compare;Compare;DapperInsert;Job-TYVRNG;Default;Default;Default;Default;Default;Default;Default;Default;Default;Default;Default;Default;Default;Default;Default;Default;Default;Default;Default;Default;Default;Default;Default;Default;Default;Default;Default;Default;Default;Default;Default;5;Default;1;Default;Default;Default;Default;Default;Default;Default;Default;"Job-TYVRNG(IterationCount=5, LaunchCount=1)";;1;Workload;Warmup;3;1131487800;512;2209937.11;0;0;0;5131
Compare.DapperInsert;Benchmark.Compare;Compare;DapperInsert;Job-TYVRNG;Default;Default;Default;Default;Default;Default;Default;Default;Default;Default;Default;Default;Default;Default;Default;Default;Default;Default;Default;Default;Default;Default;Default;Default;Default;Default;Default;Default;Default;Default;Default;5;Default;1;Default;Default;Default;Default;Default;Default;Default;Default;"Job-TYVRNG(IterationCount=5, LaunchCount=1)";;1;Workload;Warmup;4;1397385600;512;2729268.75;0;0;0;5131
Compare.DapperInsert;Benchmark.Compare;Compare;DapperInsert;Job-TYVRNG;Default;Default;Default;Default;Default;Default;Default;Default;Default;Default;Default;Default;Default;Default;Default;Default;Default;Default;Default;Default;Default;Default;Default;Default;Default;Default;Default;Default;Default;Default;Default;5;Default;1;Default;Default;Default;Default;Default;Default;Default;Default;"Job-TYVRNG(IterationCount=5, LaunchCount=1)";;1;Workload;Warmup;5;583433800;512;1139519.14;0;0;0;5131
Compare.DapperInsert;Benchmark.Compare;Compare;DapperInsert;Job-TYVRNG;Default;Default;Default;Default;Default;Default;Default;Default;Default;Default;Default;Default;Default;Default;Default;Default;Default;Default;Default;Default;Default;Default;Default;Default;Default;Default;Default;Default;Default;Default;Default;5;Default;1;Default;Default;Default;Default;Default;Default;Default;Default;"Job-TYVRNG(IterationCount=5, LaunchCount=1)";;1;Workload;Warmup;6;496182900;512;969107.23;0;0;0;5131
Compare.DapperInsert;Benchmark.Compare;Compare;DapperInsert;Job-TYVRNG;Default;Default;Default;Default;Default;Default;Default;Default;Default;Default;Default;Default;Default;Default;Default;Default;Default;Default;Default;Default;Default;Default;Default;Default;Default;Default;Default;Default;Default;Default;Default;5;Default;1;Default;Default;Default;Default;Default;Default;Default;Default;"Job-TYVRNG(IterationCount=5, LaunchCount=1)";;1;Workload;Warmup;7;460560700;512;899532.62;0;0;0;5131
Compare.DapperInsert;Benchmark.Compare;Compare;DapperInsert;Job-TYVRNG;Default;Default;Default;Default;Default;Default;Default;Default;Default;Default;Default;Default;Default;Default;Default;Default;Default;Default;Default;Default;Default;Default;Default;Default;Default;Default;Default;Default;Default;Default;Default;5;Default;1;Default;Default;Default;Default;Default;Default;Default;Default;"Job-TYVRNG(IterationCount=5, LaunchCount=1)";;1;Workload;Warmup;8;445723400;512;870553.52;0;0;0;5131
Compare.DapperInsert;Benchmark.Compare;Compare;DapperInsert;Job-TYVRNG;Default;Default;Default;Default;Default;Default;Default;Default;Default;Default;Default;Default;Default;Default;Default;Default;Default;Default;Default;Default;Default;Default;Default;Default;Default;Default;Default;Default;Default;Default;Default;5;Default;1;Default;Default;Default;Default;Default;Default;Default;Default;"Job-TYVRNG(IterationCount=5, LaunchCount=1)";;1;Workload;Warmup;9;454876300;512;888430.27;0;0;0;5131
Compare.DapperInsert;Benchmark.Compare;Compare;DapperInsert;Job-TYVRNG;Default;Default;Default;Default;Default;Default;Default;Default;Default;Default;Default;Default;Default;Default;Default;Default;Default;Default;Default;Default;Default;Default;Default;Default;Default;Default;Default;Default;Default;Default;Default;5;Default;1;Default;Default;Default;Default;Default;Default;Default;Default;"Job-TYVRNG(IterationCount=5, LaunchCount=1)";;1;Workload;Warmup;10;415362300;512;811254.49;0;0;0;5131
Compare.DapperInsert;Benchmark.Compare;Compare;DapperInsert;Job-TYVRNG;Default;Default;Default;Default;Default;Default;Default;Default;Default;Default;Default;Default;Default;Default;Default;Default;Default;Default;Default;Default;Default;Default;Default;Default;Default;Default;Default;Default;Default;Default;Default;5;Default;1;Default;Default;Default;Default;Default;Default;Default;Default;"Job-TYVRNG(IterationCount=5, LaunchCount=1)";;1;Workload;Actual;1;414757700;512;810073.63;0;0;0;5131
Compare.DapperInsert;Benchmark.Compare;Compare;DapperInsert;Job-TYVRNG;Default;Default;Default;Default;Default;Default;Default;Default;Default;Default;Default;Default;Default;Default;Default;Default;Default;Default;Default;Default;Default;Default;Default;Default;Default;Default;Default;Default;Default;Default;Default;5;Default;1;Default;Default;Default;Default;Default;Default;Default;Default;"Job-TYVRNG(IterationCount=5, LaunchCount=1)";;1;Workload;Actual;2;440914300;512;861160.74;0;0;0;5131
Compare.DapperInsert;Benchmark.Compare;Compare;DapperInsert;Job-TYVRNG;Default;Default;Default;Default;Default;Default;Default;Default;Default;Default;Default;Default;Default;Default;Default;Default;Default;Default;Default;Default;Default;Default;Default;Default;Default;Default;Default;Default;Default;Default;Default;5;Default;1;Default;Default;Default;Default;Default;Default;Default;Default;"Job-TYVRNG(IterationCount=5, LaunchCount=1)";;1;Workload;Actual;3;482785300;512;942940.04;0;0;0;5131
Compare.DapperInsert;Benchmark.Compare;Compare;DapperInsert;Job-TYVRNG;Default;Default;Default;Default;Default;Default;Default;Default;Default;Default;Default;Default;Default;Default;Default;Default;Default;Default;Default;Default;Default;Default;Default;Default;Default;Default;Default;Default;Default;Default;Default;5;Default;1;Default;Default;Default;Default;Default;Default;Default;Default;"Job-TYVRNG(IterationCount=5, LaunchCount=1)";;1;Workload;Actual;4;544566100;512;1063605.66;0;0;0;5131
Compare.DapperInsert;Benchmark.Compare;Compare;DapperInsert;Job-TYVRNG;Default;Default;Default;Default;Default;Default;Default;Default;Default;Default;Default;Default;Default;Default;Default;Default;Default;Default;Default;Default;Default;Default;Default;Default;Default;Default;Default;Default;Default;Default;Default;5;Default;1;Default;Default;Default;Default;Default;Default;Default;Default;"Job-TYVRNG(IterationCount=5, LaunchCount=1)";;1;Workload;Actual;5;459937200;512;898314.84;0;0;0;5131
Compare.DapperInsert;Benchmark.Compare;Compare;DapperInsert;Job-TYVRNG;Default;Default;Default;Default;Default;Default;Default;Default;Default;Default;Default;Default;Default;Default;Default;Default;Default;Default;Default;Default;Default;Default;Default;Default;Default;Default;Default;Default;Default;Default;Default;5;Default;1;Default;Default;Default;Default;Default;Default;Default;Default;"Job-TYVRNG(IterationCount=5, LaunchCount=1)";;1;Workload;Result;1;414757700;512;810073.63;0;0;0;5131
Compare.DapperInsert;Benchmark.Compare;Compare;DapperInsert;Job-TYVRNG;Default;Default;Default;Default;Default;Default;Default;Default;Default;Default;Default;Default;Default;Default;Default;Default;Default;Default;Default;Default;Default;Default;Default;Default;Default;Default;Default;Default;Default;Default;Default;5;Default;1;Default;Default;Default;Default;Default;Default;Default;Default;"Job-TYVRNG(IterationCount=5, LaunchCount=1)";;1;Workload;Result;2;440914300;512;861160.74;0;0;0;5131
Compare.DapperInsert;Benchmark.Compare;Compare;DapperInsert;Job-TYVRNG;Default;Default;Default;Default;Default;Default;Default;Default;Default;Default;Default;Default;Default;Default;Default;Default;Default;Default;Default;Default;Default;Default;Default;Default;Default;Default;Default;Default;Default;Default;Default;5;Default;1;Default;Default;Default;Default;Default;Default;Default;Default;"Job-TYVRNG(IterationCount=5, LaunchCount=1)";;1;Workload;Result;3;482785300;512;942940.04;0;0;0;5131
Compare.DapperInsert;Benchmark.Compare;Compare;DapperInsert;Job-TYVRNG;Default;Default;Default;Default;Default;Default;Default;Default;Default;Default;Default;Default;Default;Default;Default;Default;Default;Default;Default;Default;Default;Default;Default;Default;Default;Default;Default;Default;Default;Default;Default;5;Default;1;Default;Default;Default;Default;Default;Default;Default;Default;"Job-TYVRNG(IterationCount=5, LaunchCount=1)";;1;Workload;Result;4;544566100;512;1063605.66;0;0;0;5131
Compare.DapperInsert;Benchmark.Compare;Compare;DapperInsert;Job-TYVRNG;Default;Default;Default;Default;Default;Default;Default;Default;Default;Default;Default;Default;Default;Default;Default;Default;Default;Default;Default;Default;Default;Default;Default;Default;Default;Default;Default;Default;Default;Default;Default;5;Default;1;Default;Default;Default;Default;Default;Default;Default;Default;"Job-TYVRNG(IterationCount=5, LaunchCount=1)";;1;Workload;Result;5;459937200;512;898314.84;0;0;0;5131
Compare.DapperSelect;Benchmark.Compare;Compare;DapperSelect;Job-TYVRNG;Default;Default;Default;Default;Default;Default;Default;Default;Default;Default;Default;Default;Default;Default;Default;Default;Default;Default;Default;Default;Default;Default;Default;Default;Default;Default;Default;Default;Default;Default;Default;5;Default;1;Default;Default;Default;Default;Default;Default;Default;Default;"Job-TYVRNG(IterationCount=5, LaunchCount=1)";;1;Overhead;Jitting;1;465600;1;465600;0;0;0;4597
Compare.DapperSelect;Benchmark.Compare;Compare;DapperSelect;Job-TYVRNG;Default;Default;Default;Default;Default;Default;Default;Default;Default;Default;Default;Default;Default;Default;Default;Default;Default;Default;Default;Default;Default;Default;Default;Default;Default;Default;Default;Default;Default;Default;Default;5;Default;1;Default;Default;Default;Default;Default;Default;Default;Default;"Job-TYVRNG(IterationCount=5, LaunchCount=1)";;1;Workload;Jitting;1;86740500;1;86740500;0;0;0;4597
Compare.DapperSelect;Benchmark.Compare;Compare;DapperSelect;Job-TYVRNG;Default;Default;Default;Default;Default;Default;Default;Default;Default;Default;Default;Default;Default;Default;Default;Default;Default;Default;Default;Default;Default;Default;Default;Default;Default;Default;Default;Default;Default;Default;Default;5;Default;1;Default;Default;Default;Default;Default;Default;Default;Default;"Job-TYVRNG(IterationCount=5, LaunchCount=1)";;1;Workload;Pilot;1;8237200;2;4118600;0;0;0;4597
Compare.DapperSelect;Benchmark.Compare;Compare;DapperSelect;Job-TYVRNG;Default;Default;Default;Default;Default;Default;Default;Default;Default;Default;Default;Default;Default;Default;Default;Default;Default;Default;Default;Default;Default;Default;Default;Default;Default;Default;Default;Default;Default;Default;Default;5;Default;1;Default;Default;Default;Default;Default;Default;Default;Default;"Job-TYVRNG(IterationCount=5, LaunchCount=1)";;1;Workload;Pilot;2;4878300;3;1626100;0;0;0;4597
Compare.DapperSelect;Benchmark.Compare;Compare;DapperSelect;Job-TYVRNG;Default;Default;Default;Default;Default;Default;Default;Default;Default;Default;Default;Default;Default;Default;Default;Default;Default;Default;Default;Default;Default;Default;Default;Default;Default;Default;Default;Default;Default;Default;Default;5;Default;1;Default;Default;Default;Default;Default;Default;Default;Default;"Job-TYVRNG(IterationCount=5, LaunchCount=1)";;1;Workload;Pilot;3;6091000;4;1522750;0;0;0;4597
Compare.DapperSelect;Benchmark.Compare;Compare;DapperSelect;Job-TYVRNG;Default;Default;Default;Default;Default;Default;Default;Default;Default;Default;Default;Default;Default;Default;Default;Default;Default;Default;Default;Default;Default;Default;Default;Default;Default;Default;Default;Default;Default;Default;Default;5;Default;1;Default;Default;Default;Default;Default;Default;Default;Default;"Job-TYVRNG(IterationCount=5, LaunchCount=1)";;1;Workload;Pilot;4;8265100;5;1653020;0;0;0;4597
Compare.DapperSelect;Benchmark.Compare;Compare;DapperSelect;Job-TYVRNG;Default;Default;Default;Default;Default;Default;Default;Default;Default;Default;Default;Default;Default;Default;Default;Default;Default;Default;Default;Default;Default;Default;Default;Default;Default;Default;Default;Default;Default;Default;Default;5;Default;1;Default;Default;Default;Default;Default;Default;Default;Default;"Job-TYVRNG(IterationCount=5, LaunchCount=1)";;1;Workload;Pilot;5;9764600;6;1627433.33;0;0;0;4597
Compare.DapperSelect;Benchmark.Compare;Compare;DapperSelect;Job-TYVRNG;Default;Default;Default;Default;Default;Default;Default;Default;Default;Default;Default;Default;Default;Default;Default;Default;Default;Default;Default;Default;Default;Default;Default;Default;Default;Default;Default;Default;Default;Default;Default;5;Default;1;Default;Default;Default;Default;Default;Default;Default;Default;"Job-TYVRNG(IterationCount=5, LaunchCount=1)";;1;Workload;Pilot;6;10195000;7;1456428.57;0;0;0;4597
Compare.DapperSelect;Benchmark.Compare;Compare;DapperSelect;Job-TYVRNG;Default;Default;Default;Default;Default;Default;Default;Default;Default;Default;Default;Default;Default;Default;Default;Default;Default;Default;Default;Default;Default;Default;Default;Default;Default;Default;Default;Default;Default;Default;Default;5;Default;1;Default;Default;Default;Default;Default;Default;Default;Default;"Job-TYVRNG(IterationCount=5, LaunchCount=1)";;1;Workload;Pilot;7;14255700;8;1781962.5;0;0;0;4597
Compare.DapperSelect;Benchmark.Compare;Compare;DapperSelect;Job-TYVRNG;Default;Default;Default;Default;Default;Default;Default;Default;Default;Default;Default;Default;Default;Default;Default;Default;Default;Default;Default;Default;Default;Default;Default;Default;Default;Default;Default;Default;Default;Default;Default;5;Default;1;Default;Default;Default;Default;Default;Default;Default;Default;"Job-TYVRNG(IterationCount=5, LaunchCount=1)";;1;Workload;Pilot;8;9806500;9;1089611.11;0;0;0;4597
Compare.DapperSelect;Benchmark.Compare;Compare;DapperSelect;Job-TYVRNG;Default;Default;Default;Default;Default;Default;Default;Default;Default;Default;Default;Default;Default;Default;Default;Default;Default;Default;Default;Default;Default;Default;Default;Default;Default;Default;Default;Default;Default;Default;Default;5;Default;1;Default;Default;Default;Default;Default;Default;Default;Default;"Job-TYVRNG(IterationCount=5, LaunchCount=1)";;1;Workload;Pilot;9;16289600;10;1628960;0;0;0;4597
Compare.DapperSelect;Benchmark.Compare;Compare;DapperSelect;Job-TYVRNG;Default;Default;Default;Default;Default;Default;Default;Default;Default;Default;Default;Default;Default;Default;Default;Default;Default;Default;Default;Default;Default;Default;Default;Default;Default;Default;Default;Default;Default;Default;Default;5;Default;1;Default;Default;Default;Default;Default;Default;Default;Default;"Job-TYVRNG(IterationCount=5, LaunchCount=1)";;1;Workload;Pilot;10;23391600;11;2126509.09;0;0;0;4597
Compare.DapperSelect;Benchmark.Compare;Compare;DapperSelect;Job-TYVRNG;Default;Default;Default;Default;Default;Default;Default;Default;Default;Default;Default;Default;Default;Default;Default;Default;Default;Default;Default;Default;Default;Default;Default;Default;Default;Default;Default;Default;Default;Default;Default;5;Default;1;Default;Default;Default;Default;Default;Default;Default;Default;"Job-TYVRNG(IterationCount=5, LaunchCount=1)";;1;Workload;Pilot;11;31058900;12;2588241.67;0;0;0;4597
Compare.DapperSelect;Benchmark.Compare;Compare;DapperSelect;Job-TYVRNG;Default;Default;Default;Default;Default;Default;Default;Default;Default;Default;Default;Default;Default;Default;Default;Default;Default;Default;Default;Default;Default;Default;Default;Default;Default;Default;Default;Default;Default;Default;Default;5;Default;1;Default;Default;Default;Default;Default;Default;Default;Default;"Job-TYVRNG(IterationCount=5, LaunchCount=1)";;1;Workload;Pilot;12;35189800;13;2706907.69;0;0;0;4597
Compare.DapperSelect;Benchmark.Compare;Compare;DapperSelect;Job-TYVRNG;Default;Default;Default;Default;Default;Default;Default;Default;Default;Default;Default;Default;Default;Default;Default;Default;Default;Default;Default;Default;Default;Default;Default;Default;Default;Default;Default;Default;Default;Default;Default;5;Default;1;Default;Default;Default;Default;Default;Default;Default;Default;"Job-TYVRNG(IterationCount=5, LaunchCount=1)";;1;Workload;Pilot;13;33620700;14;2401478.57;0;0;0;4597
Compare.DapperSelect;Benchmark.Compare;Compare;DapperSelect;Job-TYVRNG;Default;Default;Default;Default;Default;Default;Default;Default;Default;Default;Default;Default;Default;Default;Default;Default;Default;Default;Default;Default;Default;Default;Default;Default;Default;Default;Default;Default;Default;Default;Default;5;Default;1;Default;Default;Default;Default;Default;Default;Default;Default;"Job-TYVRNG(IterationCount=5, LaunchCount=1)";;1;Workload;Pilot;14;28512600;15;1900840;0;0;0;4597
Compare.DapperSelect;Benchmark.Compare;Compare;DapperSelect;Job-TYVRNG;Default;Default;Default;Default;Default;Default;Default;Default;Default;Default;Default;Default;Default;Default;Default;Default;Default;Default;Default;Default;Default;Default;Default;Default;Default;Default;Default;Default;Default;Default;Default;5;Default;1;Default;Default;Default;Default;Default;Default;Default;Default;"Job-TYVRNG(IterationCount=5, LaunchCount=1)";;1;Workload;Pilot;15;30838000;16;1927375;0;0;0;4597
Compare.DapperSelect;Benchmark.Compare;Compare;DapperSelect;Job-TYVRNG;Default;Default;Default;Default;Default;Default;Default;Default;Default;Default;Default;Default;Default;Default;Default;Default;Default;Default;Default;Default;Default;Default;Default;Default;Default;Default;Default;Default;Default;Default;Default;5;Default;1;Default;Default;Default;Default;Default;Default;Default;Default;"Job-TYVRNG(IterationCount=5, LaunchCount=1)";;1;Workload;Pilot;16;53914000;32;1684812.5;0;0;0;4597
Compare.DapperSelect;Benchmark.Compare;Compare;DapperSelect;Job-TYVRNG;Default;Default;Default;Default;Default;Default;Default;Default;Default;Default;Default;Default;Default;Default;Default;Default;Default;Default;Default;Default;Default;Default;Default;Default;Default;Default;Default;Default;Default;Default;Default;5;Default;1;Default;Default;Default;Default;Default;Default;Default;Default;"Job-TYVRNG(IterationCount=5, LaunchCount=1)";;1;Workload;Pilot;17;112313200;64;1754893.75;0;0;0;4597
Compare.DapperSelect;Benchmark.Compare;Compare;DapperSelect;Job-TYVRNG;Default;Default;Default;Default;Default;Default;Default;Default;Default;Default;Default;Default;Default;Default;Default;Default;Default;Default;Default;Default;Default;Default;Default;Default;Default;Default;Default;Default;Default;Default;Default;5;Default;1;Default;Default;Default;Default;Default;Default;Default;Default;"Job-TYVRNG(IterationCount=5, LaunchCount=1)";;1;Workload;Pilot;18;213577200;128;1668571.88;0;0;0;4597
Compare.DapperSelect;Benchmark.Compare;Compare;DapperSelect;Job-TYVRNG;Default;Default;Default;Default;Default;Default;Default;Default;Default;Default;Default;Default;Default;Default;Default;Default;Default;Default;Default;Default;Default;Default;Default;Default;Default;Default;Default;Default;Default;Default;Default;5;Default;1;Default;Default;Default;Default;Default;Default;Default;Default;"Job-TYVRNG(IterationCount=5, LaunchCount=1)";;1;Workload;Pilot;19;458631700;256;1791530.08;0;0;0;4597
Compare.DapperSelect;Benchmark.Compare;Compare;DapperSelect;Job-TYVRNG;Default;Default;Default;Default;Default;Default;Default;Default;Default;Default;Default;Default;Default;Default;Default;Default;Default;Default;Default;Default;Default;Default;Default;Default;Default;Default;Default;Default;Default;Default;Default;5;Default;1;Default;Default;Default;Default;Default;Default;Default;Default;"Job-TYVRNG(IterationCount=5, LaunchCount=1)";;1;Workload;Pilot;20;610654100;512;1192683.79;0;0;0;4597
Compare.DapperSelect;Benchmark.Compare;Compare;DapperSelect;Job-TYVRNG;Default;Default;Default;Default;Default;Default;Default;Default;Default;Default;Default;Default;Default;Default;Default;Default;Default;Default;Default;Default;Default;Default;Default;Default;Default;Default;Default;Default;Default;Default;Default;5;Default;1;Default;Default;Default;Default;Default;Default;Default;Default;"Job-TYVRNG(IterationCount=5, LaunchCount=1)";;1;Workload;Warmup;1;578399200;512;1129685.94;0;0;0;4597
Compare.DapperSelect;Benchmark.Compare;Compare;DapperSelect;Job-TYVRNG;Default;Default;Default;Default;Default;Default;Default;Default;Default;Default;Default;Default;Default;Default;Default;Default;Default;Default;Default;Default;Default;Default;Default;Default;Default;Default;Default;Default;Default;Default;Default;5;Default;1;Default;Default;Default;Default;Default;Default;Default;Default;"Job-TYVRNG(IterationCount=5, LaunchCount=1)";;1;Workload;Warmup;2;515923100;512;1007662.3;0;0;0;4597
Compare.DapperSelect;Benchmark.Compare;Compare;DapperSelect;Job-TYVRNG;Default;Default;Default;Default;Default;Default;Default;Default;Default;Default;Default;Default;Default;Default;Default;Default;Default;Default;Default;Default;Default;Default;Default;Default;Default;Default;Default;Default;Default;Default;Default;5;Default;1;Default;Default;Default;Default;Default;Default;Default;Default;"Job-TYVRNG(IterationCount=5, LaunchCount=1)";;1;Workload;Warmup;3;616489500;512;1204081.05;0;0;0;4597
Compare.DapperSelect;Benchmark.Compare;Compare;DapperSelect;Job-TYVRNG;Default;Default;Default;Default;Default;Default;Default;Default;Default;Default;Default;Default;Default;Default;Default;Default;Default;Default;Default;Default;Default;Default;Default;Default;Default;Default;Default;Default;Default;Default;Default;5;Default;1;Default;Default;Default;Default;Default;Default;Default;Default;"Job-TYVRNG(IterationCount=5, LaunchCount=1)";;1;Workload;Warmup;4;417656900;512;815736.13;0;0;0;4597
Compare.DapperSelect;Benchmark.Compare;Compare;DapperSelect;Job-TYVRNG;Default;Default;Default;Default;Default;Default;Default;Default;Default;Default;Default;Default;Default;Default;Default;Default;Default;Default;Default;Default;Default;Default;Default;Default;Default;Default;Default;Default;Default;Default;Default;5;Default;1;Default;Default;Default;Default;Default;Default;Default;Default;"Job-TYVRNG(IterationCount=5, LaunchCount=1)";;1;Workload;Warmup;5;442587000;512;864427.73;0;0;0;4597
Compare.DapperSelect;Benchmark.Compare;Compare;DapperSelect;Job-TYVRNG;Default;Default;Default;Default;Default;Default;Default;Default;Default;Default;Default;Default;Default;Default;Default;Default;Default;Default;Default;Default;Default;Default;Default;Default;Default;Default;Default;Default;Default;Default;Default;5;Default;1;Default;Default;Default;Default;Default;Default;Default;Default;"Job-TYVRNG(IterationCount=5, LaunchCount=1)";;1;Workload;Warmup;6;477735100;512;933076.37;0;0;0;4597
Compare.DapperSelect;Benchmark.Compare;Compare;DapperSelect;Job-TYVRNG;Default;Default;Default;Default;Default;Default;Default;Default;Default;Default;Default;Default;Default;Default;Default;Default;Default;Default;Default;Default;Default;Default;Default;Default;Default;Default;Default;Default;Default;Default;Default;5;Default;1;Default;Default;Default;Default;Default;Default;Default;Default;"Job-TYVRNG(IterationCount=5, LaunchCount=1)";;1;Workload;Warmup;7;379241800;512;740706.64;0;0;0;4597
Compare.DapperSelect;Benchmark.Compare;Compare;DapperSelect;Job-TYVRNG;Default;Default;Default;Default;Default;Default;Default;Default;Default;Default;Default;Default;Default;Default;Default;Default;Default;Default;Default;Default;Default;Default;Default;Default;Default;Default;Default;Default;Default;Default;Default;5;Default;1;Default;Default;Default;Default;Default;Default;Default;Default;"Job-TYVRNG(IterationCount=5, LaunchCount=1)";;1;Workload;Actual;1;428015100;512;835966.99;0;0;0;4597
Compare.DapperSelect;Benchmark.Compare;Compare;DapperSelect;Job-TYVRNG;Default;Default;Default;Default;Default;Default;Default;Default;Default;Default;Default;Default;Default;Default;Default;Default;Default;Default;Default;Default;Default;Default;Default;Default;Default;Default;Default;Default;Default;Default;Default;5;Default;1;Default;Default;Default;Default;Default;Default;Default;Default;"Job-TYVRNG(IterationCount=5, LaunchCount=1)";;1;Workload;Actual;2;406639300;512;794217.38;0;0;0;4597
Compare.DapperSelect;Benchmark.Compare;Compare;DapperSelect;Job-TYVRNG;Default;Default;Default;Default;Default;Default;Default;Default;Default;Default;Default;Default;Default;Default;Default;Default;Default;Default;Default;Default;Default;Default;Default;Default;Default;Default;Default;Default;Default;Default;Default;5;Default;1;Default;Default;Default;Default;Default;Default;Default;Default;"Job-TYVRNG(IterationCount=5, LaunchCount=1)";;1;Workload;Actual;3;519186600;512;1014036.33;0;0;0;4597
Compare.DapperSelect;Benchmark.Compare;Compare;DapperSelect;Job-TYVRNG;Default;Default;Default;Default;Default;Default;Default;Default;Default;Default;Default;Default;Default;Default;Default;Default;Default;Default;Default;Default;Default;Default;Default;Default;Default;Default;Default;Default;Default;Default;Default;5;Default;1;Default;Default;Default;Default;Default;Default;Default;Default;"Job-TYVRNG(IterationCount=5, LaunchCount=1)";;1;Workload;Actual;4;568203800;512;1109773.05;0;0;0;4597
Compare.DapperSelect;Benchmark.Compare;Compare;DapperSelect;Job-TYVRNG;Default;Default;Default;Default;Default;Default;Default;Default;Default;Default;Default;Default;Default;Default;Default;Default;Default;Default;Default;Default;Default;Default;Default;Default;Default;Default;Default;Default;Default;Default;Default;5;Default;1;Default;Default;Default;Default;Default;Default;Default;Default;"Job-TYVRNG(IterationCount=5, LaunchCount=1)";;1;Workload;Actual;5;451249200;512;881346.09;0;0;0;4597
Compare.DapperSelect;Benchmark.Compare;Compare;DapperSelect;Job-TYVRNG;Default;Default;Default;Default;Default;Default;Default;Default;Default;Default;Default;Default;Default;Default;Default;Default;Default;Default;Default;Default;Default;Default;Default;Default;Default;Default;Default;Default;Default;Default;Default;5;Default;1;Default;Default;Default;Default;Default;Default;Default;Default;"Job-TYVRNG(IterationCount=5, LaunchCount=1)";;1;Workload;Result;1;428015100;512;835966.99;0;0;0;4597
Compare.DapperSelect;Benchmark.Compare;Compare;DapperSelect;Job-TYVRNG;Default;Default;Default;Default;Default;Default;Default;Default;Default;Default;Default;Default;Default;Default;Default;Default;Default;Default;Default;Default;Default;Default;Default;Default;Default;Default;Default;Default;Default;Default;Default;5;Default;1;Default;Default;Default;Default;Default;Default;Default;Default;"Job-TYVRNG(IterationCount=5, LaunchCount=1)";;1;Workload;Result;2;406639300;512;794217.38;0;0;0;4597
Compare.DapperSelect;Benchmark.Compare;Compare;DapperSelect;Job-TYVRNG;Default;Default;Default;Default;Default;Default;Default;Default;Default;Default;Default;Default;Default;Default;Default;Default;Default;Default;Default;Default;Default;Default;Default;Default;Default;Default;Default;Default;Default;Default;Default;5;Default;1;Default;Default;Default;Default;Default;Default;Default;Default;"Job-TYVRNG(IterationCount=5, LaunchCount=1)";;1;Workload;Result;3;519186600;512;1014036.33;0;0;0;4597
Compare.DapperSelect;Benchmark.Compare;Compare;DapperSelect;Job-TYVRNG;Default;Default;Default;Default;Default;Default;Default;Default;Default;Default;Default;Default;Default;Default;Default;Default;Default;Default;Default;Default;Default;Default;Default;Default;Default;Default;Default;Default;Default;Default;Default;5;Default;1;Default;Default;Default;Default;Default;Default;Default;Default;"Job-TYVRNG(IterationCount=5, LaunchCount=1)";;1;Workload;Result;4;568203800;512;1109773.05;0;0;0;4597
Compare.DapperSelect;Benchmark.Compare;Compare;DapperSelect;Job-TYVRNG;Default;Default;Default;Default;Default;Default;Default;Default;Default;Default;Default;Default;Default;Default;Default;Default;Default;Default;Default;Default;Default;Default;Default;Default;Default;Default;Default;Default;Default;Default;Default;5;Default;1;Default;Default;Default;Default;Default;Default;Default;Default;"Job-TYVRNG(IterationCount=5, LaunchCount=1)";;1;Workload;Result;5;451249200;512;881346.09;0;0;0;4597
Compare.EfCoreSelect;Benchmark.Compare;Compare;EfCoreSelect;Job-TYVRNG;Default;Default;Default;Default;Default;Default;Default;Default;Default;Default;Default;Default;Default;Default;Default;Default;Default;Default;Default;Default;Default;Default;Default;Default;Default;Default;Default;Default;Default;Default;Default;5;Default;1;Default;Default;Default;Default;Default;Default;Default;Default;"Job-TYVRNG(IterationCount=5, LaunchCount=1)";;1;Overhead;Jitting;1;248700;1;248700;1;0;0;57988
Compare.EfCoreSelect;Benchmark.Compare;Compare;EfCoreSelect;Job-TYVRNG;Default;Default;Default;Default;Default;Default;Default;Default;Default;Default;Default;Default;Default;Default;Default;Default;Default;Default;Default;Default;Default;Default;Default;Default;Default;Default;Default;Default;Default;Default;Default;5;Default;1;Default;Default;Default;Default;Default;Default;Default;Default;"Job-TYVRNG(IterationCount=5, LaunchCount=1)";;1;Workload;Jitting;1;708379200;1;708379200;1;0;0;57988
Compare.EfCoreSelect;Benchmark.Compare;Compare;EfCoreSelect;Job-TYVRNG;Default;Default;Default;Default;Default;Default;Default;Default;Default;Default;Default;Default;Default;Default;Default;Default;Default;Default;Default;Default;Default;Default;Default;Default;Default;Default;Default;Default;Default;Default;Default;5;Default;1;Default;Default;Default;Default;Default;Default;Default;Default;"Job-TYVRNG(IterationCount=5, LaunchCount=1)";;1;Overhead;Jitting;2;1100;1;1100;1;0;0;57988
Compare.EfCoreSelect;Benchmark.Compare;Compare;EfCoreSelect;Job-TYVRNG;Default;Default;Default;Default;Default;Default;Default;Default;Default;Default;Default;Default;Default;Default;Default;Default;Default;Default;Default;Default;Default;Default;Default;Default;Default;Default;Default;Default;Default;Default;Default;5;Default;1;Default;Default;Default;Default;Default;Default;Default;Default;"Job-TYVRNG(IterationCount=5, LaunchCount=1)";;1;Workload;Jitting;2;25621300;1;25621300;1;0;0;57988
Compare.EfCoreSelect;Benchmark.Compare;Compare;EfCoreSelect;Job-TYVRNG;Default;Default;Default;Default;Default;Default;Default;Default;Default;Default;Default;Default;Default;Default;Default;Default;Default;Default;Default;Default;Default;Default;Default;Default;Default;Default;Default;Default;Default;Default;Default;5;Default;1;Default;Default;Default;Default;Default;Default;Default;Default;"Job-TYVRNG(IterationCount=5, LaunchCount=1)";;1;Overhead;Jitting;3;1201900;16;75118.75;1;0;0;57988
Compare.EfCoreSelect;Benchmark.Compare;Compare;EfCoreSelect;Job-TYVRNG;Default;Default;Default;Default;Default;Default;Default;Default;Default;Default;Default;Default;Default;Default;Default;Default;Default;Default;Default;Default;Default;Default;Default;Default;Default;Default;Default;Default;Default;Default;Default;5;Default;1;Default;Default;Default;Default;Default;Default;Default;Default;"Job-TYVRNG(IterationCount=5, LaunchCount=1)";;1;Workload;Jitting;3;108028400;16;6751775;1;0;0;57988
Compare.EfCoreSelect;Benchmark.Compare;Compare;EfCoreSelect;Job-TYVRNG;Default;Default;Default;Default;Default;Default;Default;Default;Default;Default;Default;Default;Default;Default;Default;Default;Default;Default;Default;Default;Default;Default;Default;Default;Default;Default;Default;Default;Default;Default;Default;5;Default;1;Default;Default;Default;Default;Default;Default;Default;Default;"Job-TYVRNG(IterationCount=5, LaunchCount=1)";;1;Workload;Pilot;1;47301600;16;2956350;1;0;0;57988
Compare.EfCoreSelect;Benchmark.Compare;Compare;EfCoreSelect;Job-TYVRNG;Default;Default;Default;Default;Default;Default;Default;Default;Default;Default;Default;Default;Default;Default;Default;Default;Default;Default;Default;Default;Default;Default;Default;Default;Default;Default;Default;Default;Default;Default;Default;5;Default;1;Default;Default;Default;Default;Default;Default;Default;Default;"Job-TYVRNG(IterationCount=5, LaunchCount=1)";;1;Workload;Pilot;2;84608500;32;2644015.63;1;0;0;57988
Compare.EfCoreSelect;Benchmark.Compare;Compare;EfCoreSelect;Job-TYVRNG;Default;Default;Default;Default;Default;Default;Default;Default;Default;Default;Default;Default;Default;Default;Default;Default;Default;Default;Default;Default;Default;Default;Default;Default;Default;Default;Default;Default;Default;Default;Default;5;Default;1;Default;Default;Default;Default;Default;Default;Default;Default;"Job-TYVRNG(IterationCount=5, LaunchCount=1)";;1;Workload;Pilot;3;155491300;64;2429551.56;1;0;0;57988
Compare.EfCoreSelect;Benchmark.Compare;Compare;EfCoreSelect;Job-TYVRNG;Default;Default;Default;Default;Default;Default;Default;Default;Default;Default;Default;Default;Default;Default;Default;Default;Default;Default;Default;Default;Default;Default;Default;Default;Default;Default;Default;Default;Default;Default;Default;5;Default;1;Default;Default;Default;Default;Default;Default;Default;Default;"Job-TYVRNG(IterationCount=5, LaunchCount=1)";;1;Workload;Pilot;4;526319300;128;4111869.53;1;0;0;57988
Compare.EfCoreSelect;Benchmark.Compare;Compare;EfCoreSelect;Job-TYVRNG;Default;Default;Default;Default;Default;Default;Default;Default;Default;Default;Default;Default;Default;Default;Default;Default;Default;Default;Default;Default;Default;Default;Default;Default;Default;Default;Default;Default;Default;Default;Default;5;Default;1;Default;Default;Default;Default;Default;Default;Default;Default;"Job-TYVRNG(IterationCount=5, LaunchCount=1)";;1;Overhead;Warmup;1;6800;128;53.13;1;0;0;57988
Compare.EfCoreSelect;Benchmark.Compare;Compare;EfCoreSelect;Job-TYVRNG;Default;Default;Default;Default;Default;Default;Default;Default;Default;Default;Default;Default;Default;Default;Default;Default;Default;Default;Default;Default;Default;Default;Default;Default;Default;Default;Default;Default;Default;Default;Default;5;Default;1;Default;Default;Default;Default;Default;Default;Default;Default;"Job-TYVRNG(IterationCount=5, LaunchCount=1)";;1;Overhead;Warmup;2;3700;128;28.91;1;0;0;57988
Compare.EfCoreSelect;Benchmark.Compare;Compare;EfCoreSelect;Job-TYVRNG;Default;Default;Default;Default;Default;Default;Default;Default;Default;Default;Default;Default;Default;Default;Default;Default;Default;Default;Default;Default;Default;Default;Default;Default;Default;Default;Default;Default;Default;Default;Default;5;Default;1;Default;Default;Default;Default;Default;Default;Default;Default;"Job-TYVRNG(IterationCount=5, LaunchCount=1)";;1;Overhead;Warmup;3;4000;128;31.25;1;0;0;57988
Compare.EfCoreSelect;Benchmark.Compare;Compare;EfCoreSelect;Job-TYVRNG;Default;Default;Default;Default;Default;Default;Default;Default;Default;Default;Default;Default;Default;Default;Default;Default;Default;Default;Default;Default;Default;Default;Default;Default;Default;Default;Default;Default;Default;Default;Default;5;Default;1;Default;Default;Default;Default;Default;Default;Default;Default;"Job-TYVRNG(IterationCount=5, LaunchCount=1)";;1;Overhead;Warmup;4;3700;128;28.91;1;0;0;57988
Compare.EfCoreSelect;Benchmark.Compare;Compare;EfCoreSelect;Job-TYVRNG;Default;Default;Default;Default;Default;Default;Default;Default;Default;Default;Default;Default;Default;Default;Default;Default;Default;Default;Default;Default;Default;Default;Default;Default;Default;Default;Default;Default;Default;Default;Default;5;Default;1;Default;Default;Default;Default;Default;Default;Default;Default;"Job-TYVRNG(IterationCount=5, LaunchCount=1)";;1;Overhead;Warmup;5;2200;128;17.19;1;0;0;57988
Compare.EfCoreSelect;Benchmark.Compare;Compare;EfCoreSelect;Job-TYVRNG;Default;Default;Default;Default;Default;Default;Default;Default;Default;Default;Default;Default;Default;Default;Default;Default;Default;Default;Default;Default;Default;Default;Default;Default;Default;Default;Default;Default;Default;Default;Default;5;Default;1;Default;Default;Default;Default;Default;Default;Default;Default;"Job-TYVRNG(IterationCount=5, LaunchCount=1)";;1;Overhead;Warmup;6;3200;128;25;1;0;0;57988
Compare.EfCoreSelect;Benchmark.Compare;Compare;EfCoreSelect;Job-TYVRNG;Default;Default;Default;Default;Default;Default;Default;Default;Default;Default;Default;Default;Default;Default;Default;Default;Default;Default;Default;Default;Default;Default;Default;Default;Default;Default;Default;Default;Default;Default;Default;5;Default;1;Default;Default;Default;Default;Default;Default;Default;Default;"Job-TYVRNG(IterationCount=5, LaunchCount=1)";;1;Overhead;Warmup;7;5100;128;39.84;1;0;0;57988
Compare.EfCoreSelect;Benchmark.Compare;Compare;EfCoreSelect;Job-TYVRNG;Default;Default;Default;Default;Default;Default;Default;Default;Default;Default;Default;Default;Default;Default;Default;Default;Default;Default;Default;Default;Default;Default;Default;Default;Default;Default;Default;Default;Default;Default;Default;5;Default;1;Default;Default;Default;Default;Default;Default;Default;Default;"Job-TYVRNG(IterationCount=5, LaunchCount=1)";;1;Overhead;Warmup;8;3400;128;26.56;1;0;0;57988
Compare.EfCoreSelect;Benchmark.Compare;Compare;EfCoreSelect;Job-TYVRNG;Default;Default;Default;Default;Default;Default;Default;Default;Default;Default;Default;Default;Default;Default;Default;Default;Default;Default;Default;Default;Default;Default;Default;Default;Default;Default;Default;Default;Default;Default;Default;5;Default;1;Default;Default;Default;Default;Default;Default;Default;Default;"Job-TYVRNG(IterationCount=5, LaunchCount=1)";;1;Overhead;Actual;1;3200;128;25;1;0;0;57988
Compare.EfCoreSelect;Benchmark.Compare;Compare;EfCoreSelect;Job-TYVRNG;Default;Default;Default;Default;Default;Default;Default;Default;Default;Default;Default;Default;Default;Default;Default;Default;Default;Default;Default;Default;Default;Default;Default;Default;Default;Default;Default;Default;Default;Default;Default;5;Default;1;Default;Default;Default;Default;Default;Default;Default;Default;"Job-TYVRNG(IterationCount=5, LaunchCount=1)";;1;Overhead;Actual;2;3600;128;28.13;1;0;0;57988
Compare.EfCoreSelect;Benchmark.Compare;Compare;EfCoreSelect;Job-TYVRNG;Default;Default;Default;Default;Default;Default;Default;Default;Default;Default;Default;Default;Default;Default;Default;Default;Default;Default;Default;Default;Default;Default;Default;Default;Default;Default;Default;Default;Default;Default;Default;5;Default;1;Default;Default;Default;Default;Default;Default;Default;Default;"Job-TYVRNG(IterationCount=5, LaunchCount=1)";;1;Overhead;Actual;3;3000;128;23.44;1;0;0;57988
Compare.EfCoreSelect;Benchmark.Compare;Compare;EfCoreSelect;Job-TYVRNG;Default;Default;Default;Default;Default;Default;Default;Default;Default;Default;Default;Default;Default;Default;Default;Default;Default;Default;Default;Default;Default;Default;Default;Default;Default;Default;Default;Default;Default;Default;Default;5;Default;1;Default;Default;Default;Default;Default;Default;Default;Default;"Job-TYVRNG(IterationCount=5, LaunchCount=1)";;1;Overhead;Actual;4;2700;128;21.09;1;0;0;57988
Compare.EfCoreSelect;Benchmark.Compare;Compare;EfCoreSelect;Job-TYVRNG;Default;Default;Default;Default;Default;Default;Default;Default;Default;Default;Default;Default;Default;Default;Default;Default;Default;Default;Default;Default;Default;Default;Default;Default;Default;Default;Default;Default;Default;Default;Default;5;Default;1;Default;Default;Default;Default;Default;Default;Default;Default;"Job-TYVRNG(IterationCount=5, LaunchCount=1)";;1;Overhead;Actual;5;3600;128;28.13;1;0;0;57988
Compare.EfCoreSelect;Benchmark.Compare;Compare;EfCoreSelect;Job-TYVRNG;Default;Default;Default;Default;Default;Default;Default;Default;Default;Default;Default;Default;Default;Default;Default;Default;Default;Default;Default;Default;Default;Default;Default;Default;Default;Default;Default;Default;Default;Default;Default;5;Default;1;Default;Default;Default;Default;Default;Default;Default;Default;"Job-TYVRNG(IterationCount=5, LaunchCount=1)";;1;Overhead;Actual;6;2500;128;19.53;1;0;0;57988
Compare.EfCoreSelect;Benchmark.Compare;Compare;EfCoreSelect;Job-TYVRNG;Default;Default;Default;Default;Default;Default;Default;Default;Default;Default;Default;Default;Default;Default;Default;Default;Default;Default;Default;Default;Default;Default;Default;Default;Default;Default;Default;Default;Default;Default;Default;5;Default;1;Default;Default;Default;Default;Default;Default;Default;Default;"Job-TYVRNG(IterationCount=5, LaunchCount=1)";;1;Overhead;Actual;7;32400;128;253.13;1;0;0;57988
Compare.EfCoreSelect;Benchmark.Compare;Compare;EfCoreSelect;Job-TYVRNG;Default;Default;Default;Default;Default;Default;Default;Default;Default;Default;Default;Default;Default;Default;Default;Default;Default;Default;Default;Default;Default;Default;Default;Default;Default;Default;Default;Default;Default;Default;Default;5;Default;1;Default;Default;Default;Default;Default;Default;Default;Default;"Job-TYVRNG(IterationCount=5, LaunchCount=1)";;1;Overhead;Actual;8;3300;128;25.78;1;0;0;57988
Compare.EfCoreSelect;Benchmark.Compare;Compare;EfCoreSelect;Job-TYVRNG;Default;Default;Default;Default;Default;Default;Default;Default;Default;Default;Default;Default;Default;Default;Default;Default;Default;Default;Default;Default;Default;Default;Default;Default;Default;Default;Default;Default;Default;Default;Default;5;Default;1;Default;Default;Default;Default;Default;Default;Default;Default;"Job-TYVRNG(IterationCount=5, LaunchCount=1)";;1;Overhead;Actual;9;2800;128;21.88;1;0;0;57988
Compare.EfCoreSelect;Benchmark.Compare;Compare;EfCoreSelect;Job-TYVRNG;Default;Default;Default;Default;Default;Default;Default;Default;Default;Default;Default;Default;Default;Default;Default;Default;Default;Default;Default;Default;Default;Default;Default;Default;Default;Default;Default;Default;Default;Default;Default;5;Default;1;Default;Default;Default;Default;Default;Default;Default;Default;"Job-TYVRNG(IterationCount=5, LaunchCount=1)";;1;Overhead;Actual;10;2700;128;21.09;1;0;0;57988
Compare.EfCoreSelect;Benchmark.Compare;Compare;EfCoreSelect;Job-TYVRNG;Default;Default;Default;Default;Default;Default;Default;Default;Default;Default;Default;Default;Default;Default;Default;Default;Default;Default;Default;Default;Default;Default;Default;Default;Default;Default;Default;Default;Default;Default;Default;5;Default;1;Default;Default;Default;Default;Default;Default;Default;Default;"Job-TYVRNG(IterationCount=5, LaunchCount=1)";;1;Overhead;Actual;11;3700;128;28.91;1;0;0;57988
Compare.EfCoreSelect;Benchmark.Compare;Compare;EfCoreSelect;Job-TYVRNG;Default;Default;Default;Default;Default;Default;Default;Default;Default;Default;Default;Default;Default;Default;Default;Default;Default;Default;Default;Default;Default;Default;Default;Default;Default;Default;Default;Default;Default;Default;Default;5;Default;1;Default;Default;Default;Default;Default;Default;Default;Default;"Job-TYVRNG(IterationCount=5, LaunchCount=1)";;1;Overhead;Actual;12;4300;128;33.59;1;0;0;57988
Compare.EfCoreSelect;Benchmark.Compare;Compare;EfCoreSelect;Job-TYVRNG;Default;Default;Default;Default;Default;Default;Default;Default;Default;Default;Default;Default;Default;Default;Default;Default;Default;Default;Default;Default;Default;Default;Default;Default;Default;Default;Default;Default;Default;Default;Default;5;Default;1;Default;Default;Default;Default;Default;Default;Default;Default;"Job-TYVRNG(IterationCount=5, LaunchCount=1)";;1;Overhead;Actual;13;3100;128;24.22;1;0;0;57988
Compare.EfCoreSelect;Benchmark.Compare;Compare;EfCoreSelect;Job-TYVRNG;Default;Default;Default;Default;Default;Default;Default;Default;Default;Default;Default;Default;Default;Default;Default;Default;Default;Default;Default;Default;Default;Default;Default;Default;Default;Default;Default;Default;Default;Default;Default;5;Default;1;Default;Default;Default;Default;Default;Default;Default;Default;"Job-TYVRNG(IterationCount=5, LaunchCount=1)";;1;Overhead;Actual;14;4800;128;37.5;1;0;0;57988
Compare.EfCoreSelect;Benchmark.Compare;Compare;EfCoreSelect;Job-TYVRNG;Default;Default;Default;Default;Default;Default;Default;Default;Default;Default;Default;Default;Default;Default;Default;Default;Default;Default;Default;Default;Default;Default;Default;Default;Default;Default;Default;Default;Default;Default;Default;5;Default;1;Default;Default;Default;Default;Default;Default;Default;Default;"Job-TYVRNG(IterationCount=5, LaunchCount=1)";;1;Overhead;Actual;15;2800;128;21.88;1;0;0;57988
Compare.EfCoreSelect;Benchmark.Compare;Compare;EfCoreSelect;Job-TYVRNG;Default;Default;Default;Default;Default;Default;Default;Default;Default;Default;Default;Default;Default;Default;Default;Default;Default;Default;Default;Default;Default;Default;Default;Default;Default;Default;Default;Default;Default;Default;Default;5;Default;1;Default;Default;Default;Default;Default;Default;Default;Default;"Job-TYVRNG(IterationCount=5, LaunchCount=1)";;1;Overhead;Actual;16;3800;128;29.69;1;0;0;57988
Compare.EfCoreSelect;Benchmark.Compare;Compare;EfCoreSelect;Job-TYVRNG;Default;Default;Default;Default;Default;Default;Default;Default;Default;Default;Default;Default;Default;Default;Default;Default;Default;Default;Default;Default;Default;Default;Default;Default;Default;Default;Default;Default;Default;Default;Default;5;Default;1;Default;Default;Default;Default;Default;Default;Default;Default;"Job-TYVRNG(IterationCount=5, LaunchCount=1)";;1;Overhead;Actual;17;2800;128;21.88;1;0;0;57988
Compare.EfCoreSelect;Benchmark.Compare;Compare;EfCoreSelect;Job-TYVRNG;Default;Default;Default;Default;Default;Default;Default;Default;Default;Default;Default;Default;Default;Default;Default;Default;Default;Default;Default;Default;Default;Default;Default;Default;Default;Default;Default;Default;Default;Default;Default;5;Default;1;Default;Default;Default;Default;Default;Default;Default;Default;"Job-TYVRNG(IterationCount=5, LaunchCount=1)";;1;Overhead;Actual;18;4700;128;36.72;1;0;0;57988
Compare.EfCoreSelect;Benchmark.Compare;Compare;EfCoreSelect;Job-TYVRNG;Default;Default;Default;Default;Default;Default;Default;Default;Default;Default;Default;Default;Default;Default;Default;Default;Default;Default;Default;Default;Default;Default;Default;Default;Default;Default;Default;Default;Default;Default;Default;5;Default;1;Default;Default;Default;Default;Default;Default;Default;Default;"Job-TYVRNG(IterationCount=5, LaunchCount=1)";;1;Overhead;Actual;19;2300;128;17.97;1;0;0;57988
Compare.EfCoreSelect;Benchmark.Compare;Compare;EfCoreSelect;Job-TYVRNG;Default;Default;Default;Default;Default;Default;Default;Default;Default;Default;Default;Default;Default;Default;Default;Default;Default;Default;Default;Default;Default;Default;Default;Default;Default;Default;Default;Default;Default;Default;Default;5;Default;1;Default;Default;Default;Default;Default;Default;Default;Default;"Job-TYVRNG(IterationCount=5, LaunchCount=1)";;1;Overhead;Actual;20;5100;128;39.84;1;0;0;57988
Compare.EfCoreSelect;Benchmark.Compare;Compare;EfCoreSelect;Job-TYVRNG;Default;Default;Default;Default;Default;Default;Default;Default;Default;Default;Default;Default;Default;Default;Default;Default;Default;Default;Default;Default;Default;Default;Default;Default;Default;Default;Default;Default;Default;Default;Default;5;Default;1;Default;Default;Default;Default;Default;Default;Default;Default;"Job-TYVRNG(IterationCount=5, LaunchCount=1)";;1;Workload;Warmup;1;292368200;128;2284126.56;1;0;0;57988
Compare.EfCoreSelect;Benchmark.Compare;Compare;EfCoreSelect;Job-TYVRNG;Default;Default;Default;Default;Default;Default;Default;Default;Default;Default;Default;Default;Default;Default;Default;Default;Default;Default;Default;Default;Default;Default;Default;Default;Default;Default;Default;Default;Default;Default;Default;5;Default;1;Default;Default;Default;Default;Default;Default;Default;Default;"Job-TYVRNG(IterationCount=5, LaunchCount=1)";;1;Workload;Warmup;2;253961600;128;1984075;1;0;0;57988
Compare.EfCoreSelect;Benchmark.Compare;Compare;EfCoreSelect;Job-TYVRNG;Default;Default;Default;Default;Default;Default;Default;Default;Default;Default;Default;Default;Default;Default;Default;Default;Default;Default;Default;Default;Default;Default;Default;Default;Default;Default;Default;Default;Default;Default;Default;5;Default;1;Default;Default;Default;Default;Default;Default;Default;Default;"Job-TYVRNG(IterationCount=5, LaunchCount=1)";;1;Workload;Warmup;3;265133400;128;2071354.69;1;0;0;57988
Compare.EfCoreSelect;Benchmark.Compare;Compare;EfCoreSelect;Job-TYVRNG;Default;Default;Default;Default;Default;Default;Default;Default;Default;Default;Default;Default;Default;Default;Default;Default;Default;Default;Default;Default;Default;Default;Default;Default;Default;Default;Default;Default;Default;Default;Default;5;Default;1;Default;Default;Default;Default;Default;Default;Default;Default;"Job-TYVRNG(IterationCount=5, LaunchCount=1)";;1;Workload;Warmup;4;259328800;128;2026006.25;1;0;0;57988
Compare.EfCoreSelect;Benchmark.Compare;Compare;EfCoreSelect;Job-TYVRNG;Default;Default;Default;Default;Default;Default;Default;Default;Default;Default;Default;Default;Default;Default;Default;Default;Default;Default;Default;Default;Default;Default;Default;Default;Default;Default;Default;Default;Default;Default;Default;5;Default;1;Default;Default;Default;Default;Default;Default;Default;Default;"Job-TYVRNG(IterationCount=5, LaunchCount=1)";;1;Workload;Warmup;5;206757900;128;1615296.09;1;0;0;57988
Compare.EfCoreSelect;Benchmark.Compare;Compare;EfCoreSelect;Job-TYVRNG;Default;Default;Default;Default;Default;Default;Default;Default;Default;Default;Default;Default;Default;Default;Default;Default;Default;Default;Default;Default;Default;Default;Default;Default;Default;Default;Default;Default;Default;Default;Default;5;Default;1;Default;Default;Default;Default;Default;Default;Default;Default;"Job-TYVRNG(IterationCount=5, LaunchCount=1)";;1;Workload;Warmup;6;231684200;128;1810032.81;1;0;0;57988
Compare.EfCoreSelect;Benchmark.Compare;Compare;EfCoreSelect;Job-TYVRNG;Default;Default;Default;Default;Default;Default;Default;Default;Default;Default;Default;Default;Default;Default;Default;Default;Default;Default;Default;Default;Default;Default;Default;Default;Default;Default;Default;Default;Default;Default;Default;5;Default;1;Default;Default;Default;Default;Default;Default;Default;Default;"Job-TYVRNG(IterationCount=5, LaunchCount=1)";;1;Workload;Warmup;7;243512500;128;1902441.41;1;0;0;57988
Compare.EfCoreSelect;Benchmark.Compare;Compare;EfCoreSelect;Job-TYVRNG;Default;Default;Default;Default;Default;Default;Default;Default;Default;Default;Default;Default;Default;Default;Default;Default;Default;Default;Default;Default;Default;Default;Default;Default;Default;Default;Default;Default;Default;Default;Default;5;Default;1;Default;Default;Default;Default;Default;Default;Default;Default;"Job-TYVRNG(IterationCount=5, LaunchCount=1)";;1;Workload;Warmup;8;226744100;128;1771438.28;1;0;0;57988
Compare.EfCoreSelect;Benchmark.Compare;Compare;EfCoreSelect;Job-TYVRNG;Default;Default;Default;Default;Default;Default;Default;Default;Default;Default;Default;Default;Default;Default;Default;Default;Default;Default;Default;Default;Default;Default;Default;Default;Default;Default;Default;Default;Default;Default;Default;5;Default;1;Default;Default;Default;Default;Default;Default;Default;Default;"Job-TYVRNG(IterationCount=5, LaunchCount=1)";;1;Workload;Actual;1;247725600;128;1935356.25;1;0;0;57988
Compare.EfCoreSelect;Benchmark.Compare;Compare;EfCoreSelect;Job-TYVRNG;Default;Default;Default;Default;Default;Default;Default;Default;Default;Default;Default;Default;Default;Default;Default;Default;Default;Default;Default;Default;Default;Default;Default;Default;Default;Default;Default;Default;Default;Default;Default;5;Default;1;Default;Default;Default;Default;Default;Default;Default;Default;"Job-TYVRNG(IterationCount=5, LaunchCount=1)";;1;Workload;Actual;2;334915800;128;2616529.69;1;0;0;57988
Compare.EfCoreSelect;Benchmark.Compare;Compare;EfCoreSelect;Job-TYVRNG;Default;Default;Default;Default;Default;Default;Default;Default;Default;Default;Default;Default;Default;Default;Default;Default;Default;Default;Default;Default;Default;Default;Default;Default;Default;Default;Default;Default;Default;Default;Default;5;Default;1;Default;Default;Default;Default;Default;Default;Default;Default;"Job-TYVRNG(IterationCount=5, LaunchCount=1)";;1;Workload;Actual;3;251608700;128;1965692.97;1;0;0;57988
Compare.EfCoreSelect;Benchmark.Compare;Compare;EfCoreSelect;Job-TYVRNG;Default;Default;Default;Default;Default;Default;Default;Default;Default;Default;Default;Default;Default;Default;Default;Default;Default;Default;Default;Default;Default;Default;Default;Default;Default;Default;Default;Default;Default;Default;Default;5;Default;1;Default;Default;Default;Default;Default;Default;Default;Default;"Job-TYVRNG(IterationCount=5, LaunchCount=1)";;1;Workload;Actual;4;277993800;128;2171826.56;1;0;0;57988
Compare.EfCoreSelect;Benchmark.Compare;Compare;EfCoreSelect;Job-TYVRNG;Default;Default;Default;Default;Default;Default;Default;Default;Default;Default;Default;Default;Default;Default;Default;Default;Default;Default;Default;Default;Default;Default;Default;Default;Default;Default;Default;Default;Default;Default;Default;5;Default;1;Default;Default;Default;Default;Default;Default;Default;Default;"Job-TYVRNG(IterationCount=5, LaunchCount=1)";;1;Workload;Actual;5;211846300;128;1655049.22;1;0;0;57988
Compare.EfCoreSelect;Benchmark.Compare;Compare;EfCoreSelect;Job-TYVRNG;Default;Default;Default;Default;Default;Default;Default;Default;Default;Default;Default;Default;Default;Default;Default;Default;Default;Default;Default;Default;Default;Default;Default;Default;Default;Default;Default;Default;Default;Default;Default;5;Default;1;Default;Default;Default;Default;Default;Default;Default;Default;"Job-TYVRNG(IterationCount=5, LaunchCount=1)";;1;Workload;Result;1;247722350;128;1935330.86;1;0;0;57988
Compare.EfCoreSelect;Benchmark.Compare;Compare;EfCoreSelect;Job-TYVRNG;Default;Default;Default;Default;Default;Default;Default;Default;Default;Default;Default;Default;Default;Default;Default;Default;Default;Default;Default;Default;Default;Default;Default;Default;Default;Default;Default;Default;Default;Default;Default;5;Default;1;Default;Default;Default;Default;Default;Default;Default;Default;"Job-TYVRNG(IterationCount=5, LaunchCount=1)";;1;Workload;Result;2;251605450;128;1965667.58;1;0;0;57988
Compare.EfCoreSelect;Benchmark.Compare;Compare;EfCoreSelect;Job-TYVRNG;Default;Default;Default;Default;Default;Default;Default;Default;Default;Default;Default;Default;Default;Default;Default;Default;Default;Default;Default;Default;Default;Default;Default;Default;Default;Default;Default;Default;Default;Default;Default;5;Default;1;Default;Default;Default;Default;Default;Default;Default;Default;"Job-TYVRNG(IterationCount=5, LaunchCount=1)";;1;Workload;Result;3;277990550;128;2171801.17;1;0;0;57988
Compare.EfCoreSelect;Benchmark.Compare;Compare;EfCoreSelect;Job-TYVRNG;Default;Default;Default;Default;Default;Default;Default;Default;Default;Default;Default;Default;Default;Default;Default;Default;Default;Default;Default;Default;Default;Default;Default;Default;Default;Default;Default;Default;Default;Default;Default;5;Default;1;Default;Default;Default;Default;Default;Default;Default;Default;"Job-TYVRNG(IterationCount=5, LaunchCount=1)";;1;Workload;Result;4;211843050;128;1655023.83;1;0;0;57988
Compare.EfCoreInsert;Benchmark.Compare;Compare;EfCoreInsert;Job-TYVRNG;Default;Default;Default;Default;Default;Default;Default;Default;Default;Default;Default;Default;Default;Default;Default;Default;Default;Default;Default;Default;Default;Default;Default;Default;Default;Default;Default;Default;Default;Default;Default;5;Default;1;Default;Default;Default;Default;Default;Default;Default;Default;"Job-TYVRNG(IterationCount=5, LaunchCount=1)";;1;Overhead;Jitting;1;300300;1;300300;0;0;0;72635
Compare.EfCoreInsert;Benchmark.Compare;Compare;EfCoreInsert;Job-TYVRNG;Default;Default;Default;Default;Default;Default;Default;Default;Default;Default;Default;Default;Default;Default;Default;Default;Default;Default;Default;Default;Default;Default;Default;Default;Default;Default;Default;Default;Default;Default;Default;5;Default;1;Default;Default;Default;Default;Default;Default;Default;Default;"Job-TYVRNG(IterationCount=5, LaunchCount=1)";;1;Workload;Jitting;1;1455743500;1;1455743500;0;0;0;72635
Compare.EfCoreInsert;Benchmark.Compare;Compare;EfCoreInsert;Job-TYVRNG;Default;Default;Default;Default;Default;Default;Default;Default;Default;Default;Default;Default;Default;Default;Default;Default;Default;Default;Default;Default;Default;Default;Default;Default;Default;Default;Default;Default;Default;Default;Default;5;Default;1;Default;Default;Default;Default;Default;Default;Default;Default;"Job-TYVRNG(IterationCount=5, LaunchCount=1)";;1;Overhead;Jitting;2;1100;1;1100;0;0;0;72635
Compare.EfCoreInsert;Benchmark.Compare;Compare;EfCoreInsert;Job-TYVRNG;Default;Default;Default;Default;Default;Default;Default;Default;Default;Default;Default;Default;Default;Default;Default;Default;Default;Default;Default;Default;Default;Default;Default;Default;Default;Default;Default;Default;Default;Default;Default;5;Default;1;Default;Default;Default;Default;Default;Default;Default;Default;"Job-TYVRNG(IterationCount=5, LaunchCount=1)";;1;Workload;Jitting;2;50976300;1;50976300;0;0;0;72635
Compare.EfCoreInsert;Benchmark.Compare;Compare;EfCoreInsert;Job-TYVRNG;Default;Default;Default;Default;Default;Default;Default;Default;Default;Default;Default;Default;Default;Default;Default;Default;Default;Default;Default;Default;Default;Default;Default;Default;Default;Default;Default;Default;Default;Default;Default;5;Default;1;Default;Default;Default;Default;Default;Default;Default;Default;"Job-TYVRNG(IterationCount=5, LaunchCount=1)";;1;Workload;Pilot;1;120487900;2;60243950;0;0;0;72635
Compare.EfCoreInsert;Benchmark.Compare;Compare;EfCoreInsert;Job-TYVRNG;Default;Default;Default;Default;Default;Default;Default;Default;Default;Default;Default;Default;Default;Default;Default;Default;Default;Default;Default;Default;Default;Default;Default;Default;Default;Default;Default;Default;Default;Default;Default;5;Default;1;Default;Default;Default;Default;Default;Default;Default;Default;"Job-TYVRNG(IterationCount=5, LaunchCount=1)";;1;Workload;Pilot;2;88174600;3;29391533.33;0;0;0;72635
Compare.EfCoreInsert;Benchmark.Compare;Compare;EfCoreInsert;Job-TYVRNG;Default;Default;Default;Default;Default;Default;Default;Default;Default;Default;Default;Default;Default;Default;Default;Default;Default;Default;Default;Default;Default;Default;Default;Default;Default;Default;Default;Default;Default;Default;Default;5;Default;1;Default;Default;Default;Default;Default;Default;Default;Default;"Job-TYVRNG(IterationCount=5, LaunchCount=1)";;1;Workload;Pilot;3;54543700;4;13635925;0;0;0;72635
Compare.EfCoreInsert;Benchmark.Compare;Compare;EfCoreInsert;Job-TYVRNG;Default;Default;Default;Default;Default;Default;Default;Default;Default;Default;Default;Default;Default;Default;Default;Default;Default;Default;Default;Default;Default;Default;Default;Default;Default;Default;Default;Default;Default;Default;Default;5;Default;1;Default;Default;Default;Default;Default;Default;Default;Default;"Job-TYVRNG(IterationCount=5, LaunchCount=1)";;1;Workload;Pilot;4;56343600;5;11268720;0;0;0;72635
Compare.EfCoreInsert;Benchmark.Compare;Compare;EfCoreInsert;Job-TYVRNG;Default;Default;Default;Default;Default;Default;Default;Default;Default;Default;Default;Default;Default;Default;Default;Default;Default;Default;Default;Default;Default;Default;Default;Default;Default;Default;Default;Default;Default;Default;Default;5;Default;1;Default;Default;Default;Default;Default;Default;Default;Default;"Job-TYVRNG(IterationCount=5, LaunchCount=1)";;1;Workload;Pilot;5;40450100;6;6741683.33;0;0;0;72635
Compare.EfCoreInsert;Benchmark.Compare;Compare;EfCoreInsert;Job-TYVRNG;Default;Default;Default;Default;Default;Default;Default;Default;Default;Default;Default;Default;Default;Default;Default;Default;Default;Default;Default;Default;Default;Default;Default;Default;Default;Default;Default;Default;Default;Default;Default;5;Default;1;Default;Default;Default;Default;Default;Default;Default;Default;"Job-TYVRNG(IterationCount=5, LaunchCount=1)";;1;Workload;Pilot;6;48330300;7;6904328.57;0;0;0;72635
Compare.EfCoreInsert;Benchmark.Compare;Compare;EfCoreInsert;Job-TYVRNG;Default;Default;Default;Default;Default;Default;Default;Default;Default;Default;Default;Default;Default;Default;Default;Default;Default;Default;Default;Default;Default;Default;Default;Default;Default;Default;Default;Default;Default;Default;Default;5;Default;1;Default;Default;Default;Default;Default;Default;Default;Default;"Job-TYVRNG(IterationCount=5, LaunchCount=1)";;1;Workload;Pilot;7;93841500;8;11730187.5;0;0;0;72635
Compare.EfCoreInsert;Benchmark.Compare;Compare;EfCoreInsert;Job-TYVRNG;Default;Default;Default;Default;Default;Default;Default;Default;Default;Default;Default;Default;Default;Default;Default;Default;Default;Default;Default;Default;Default;Default;Default;Default;Default;Default;Default;Default;Default;Default;Default;5;Default;1;Default;Default;Default;Default;Default;Default;Default;Default;"Job-TYVRNG(IterationCount=5, LaunchCount=1)";;1;Workload;Pilot;8;145332700;9;16148077.78;0;0;0;72635
Compare.EfCoreInsert;Benchmark.Compare;Compare;EfCoreInsert;Job-TYVRNG;Default;Default;Default;Default;Default;Default;Default;Default;Default;Default;Default;Default;Default;Default;Default;Default;Default;Default;Default;Default;Default;Default;Default;Default;Default;Default;Default;Default;Default;Default;Default;5;Default;1;Default;Default;Default;Default;Default;Default;Default;Default;"Job-TYVRNG(IterationCount=5, LaunchCount=1)";;1;Workload;Pilot;9;205821200;10;20582120;0;0;0;72635
Compare.EfCoreInsert;Benchmark.Compare;Compare;EfCoreInsert;Job-TYVRNG;Default;Default;Default;Default;Default;Default;Default;Default;Default;Default;Default;Default;Default;Default;Default;Default;Default;Default;Default;Default;Default;Default;Default;Default;Default;Default;Default;Default;Default;Default;Default;5;Default;1;Default;Default;Default;Default;Default;Default;Default;Default;"Job-TYVRNG(IterationCount=5, LaunchCount=1)";;1;Workload;Pilot;10;93395700;11;8490518.18;0;0;0;72635
Compare.EfCoreInsert;Benchmark.Compare;Compare;EfCoreInsert;Job-TYVRNG;Default;Default;Default;Default;Default;Default;Default;Default;Default;Default;Default;Default;Default;Default;Default;Default;Default;Default;Default;Default;Default;Default;Default;Default;Default;Default;Default;Default;Default;Default;Default;5;Default;1;Default;Default;Default;Default;Default;Default;Default;Default;"Job-TYVRNG(IterationCount=5, LaunchCount=1)";;1;Workload;Pilot;11;103952800;12;8662733.33;0;0;0;72635
Compare.EfCoreInsert;Benchmark.Compare;Compare;EfCoreInsert;Job-TYVRNG;Default;Default;Default;Default;Default;Default;Default;Default;Default;Default;Default;Default;Default;Default;Default;Default;Default;Default;Default;Default;Default;Default;Default;Default;Default;Default;Default;Default;Default;Default;Default;5;Default;1;Default;Default;Default;Default;Default;Default;Default;Default;"Job-TYVRNG(IterationCount=5, LaunchCount=1)";;1;Workload;Pilot;12;114292800;13;8791753.85;0;0;0;72635
Compare.EfCoreInsert;Benchmark.Compare;Compare;EfCoreInsert;Job-TYVRNG;Default;Default;Default;Default;Default;Default;Default;Default;Default;Default;Default;Default;Default;Default;Default;Default;Default;Default;Default;Default;Default;Default;Default;Default;Default;Default;Default;Default;Default;Default;Default;5;Default;1;Default;Default;Default;Default;Default;Default;Default;Default;"Job-TYVRNG(IterationCount=5, LaunchCount=1)";;1;Workload;Pilot;13;468982600;14;33498757.14;0;0;0;72635
Compare.EfCoreInsert;Benchmark.Compare;Compare;EfCoreInsert;Job-TYVRNG;Default;Default;Default;Default;Default;Default;Default;Default;Default;Default;Default;Default;Default;Default;Default;Default;Default;Default;Default;Default;Default;Default;Default;Default;Default;Default;Default;Default;Default;Default;Default;5;Default;1;Default;Default;Default;Default;Default;Default;Default;Default;"Job-TYVRNG(IterationCount=5, LaunchCount=1)";;1;Workload;Pilot;14;230827900;15;15388526.67;0;0;0;72635
Compare.EfCoreInsert;Benchmark.Compare;Compare;EfCoreInsert;Job-TYVRNG;Default;Default;Default;Default;Default;Default;Default;Default;Default;Default;Default;Default;Default;Default;Default;Default;Default;Default;Default;Default;Default;Default;Default;Default;Default;Default;Default;Default;Default;Default;Default;5;Default;1;Default;Default;Default;Default;Default;Default;Default;Default;"Job-TYVRNG(IterationCount=5, LaunchCount=1)";;1;Workload;Pilot;15;189406100;16;11837881.25;0;0;0;72635
Compare.EfCoreInsert;Benchmark.Compare;Compare;EfCoreInsert;Job-TYVRNG;Default;Default;Default;Default;Default;Default;Default;Default;Default;Default;Default;Default;Default;Default;Default;Default;Default;Default;Default;Default;Default;Default;Default;Default;Default;Default;Default;Default;Default;Default;Default;5;Default;1;Default;Default;Default;Default;Default;Default;Default;Default;"Job-TYVRNG(IterationCount=5, LaunchCount=1)";;1;Workload;Pilot;16;219958400;32;6873700;0;0;0;72635
Compare.EfCoreInsert;Benchmark.Compare;Compare;EfCoreInsert;Job-TYVRNG;Default;Default;Default;Default;Default;Default;Default;Default;Default;Default;Default;Default;Default;Default;Default;Default;Default;Default;Default;Default;Default;Default;Default;Default;Default;Default;Default;Default;Default;Default;Default;5;Default;1;Default;Default;Default;Default;Default;Default;Default;Default;"Job-TYVRNG(IterationCount=5, LaunchCount=1)";;1;Workload;Pilot;17;907566900;64;14180732.81;0;0;0;72635
Compare.EfCoreInsert;Benchmark.Compare;Compare;EfCoreInsert;Job-TYVRNG;Default;Default;Default;Default;Default;Default;Default;Default;Default;Default;Default;Default;Default;Default;Default;Default;Default;Default;Default;Default;Default;Default;Default;Default;Default;Default;Default;Default;Default;Default;Default;5;Default;1;Default;Default;Default;Default;Default;Default;Default;Default;"Job-TYVRNG(IterationCount=5, LaunchCount=1)";;1;Workload;Warmup;1;416601300;64;6509395.31;0;0;0;72635
Compare.EfCoreInsert;Benchmark.Compare;Compare;EfCoreInsert;Job-TYVRNG;Default;Default;Default;Default;Default;Default;Default;Default;Default;Default;Default;Default;Default;Default;Default;Default;Default;Default;Default;Default;Default;Default;Default;Default;Default;Default;Default;Default;Default;Default;Default;5;Default;1;Default;Default;Default;Default;Default;Default;Default;Default;"Job-TYVRNG(IterationCount=5, LaunchCount=1)";;1;Workload;Warmup;2;570298800;64;8910918.75;0;0;0;72635
Compare.EfCoreInsert;Benchmark.Compare;Compare;EfCoreInsert;Job-TYVRNG;Default;Default;Default;Default;Default;Default;Default;Default;Default;Default;Default;Default;Default;Default;Default;Default;Default;Default;Default;Default;Default;Default;Default;Default;Default;Default;Default;Default;Default;Default;Default;5;Default;1;Default;Default;Default;Default;Default;Default;Default;Default;"Job-TYVRNG(IterationCount=5, LaunchCount=1)";;1;Workload;Warmup;3;307493600;64;4804587.5;0;0;0;72635
Compare.EfCoreInsert;Benchmark.Compare;Compare;EfCoreInsert;Job-TYVRNG;Default;Default;Default;Default;Default;Default;Default;Default;Default;Default;Default;Default;Default;Default;Default;Default;Default;Default;Default;Default;Default;Default;Default;Default;Default;Default;Default;Default;Default;Default;Default;5;Default;1;Default;Default;Default;Default;Default;Default;Default;Default;"Job-TYVRNG(IterationCount=5, LaunchCount=1)";;1;Workload;Warmup;4;315894900;64;4935857.81;0;0;0;72635
Compare.EfCoreInsert;Benchmark.Compare;Compare;EfCoreInsert;Job-TYVRNG;Default;Default;Default;Default;Default;Default;Default;Default;Default;Default;Default;Default;Default;Default;Default;Default;Default;Default;Default;Default;Default;Default;Default;Default;Default;Default;Default;Default;Default;Default;Default;5;Default;1;Default;Default;Default;Default;Default;Default;Default;Default;"Job-TYVRNG(IterationCount=5, LaunchCount=1)";;1;Workload;Warmup;5;307038600;64;4797478.13;0;0;0;72635
Compare.EfCoreInsert;Benchmark.Compare;Compare;EfCoreInsert;Job-TYVRNG;Default;Default;Default;Default;Default;Default;Default;Default;Default;Default;Default;Default;Default;Default;Default;Default;Default;Default;Default;Default;Default;Default;Default;Default;Default;Default;Default;Default;Default;Default;Default;5;Default;1;Default;Default;Default;Default;Default;Default;Default;Default;"Job-TYVRNG(IterationCount=5, LaunchCount=1)";;1;Workload;Warmup;6;287990800;64;4499856.25;0;0;0;72635
Compare.EfCoreInsert;Benchmark.Compare;Compare;EfCoreInsert;Job-TYVRNG;Default;Default;Default;Default;Default;Default;Default;Default;Default;Default;Default;Default;Default;Default;Default;Default;Default;Default;Default;Default;Default;Default;Default;Default;Default;Default;Default;Default;Default;Default;Default;5;Default;1;Default;Default;Default;Default;Default;Default;Default;Default;"Job-TYVRNG(IterationCount=5, LaunchCount=1)";;1;Workload;Actual;1;334300400;64;5223443.75;0;0;0;72635
Compare.EfCoreInsert;Benchmark.Compare;Compare;EfCoreInsert;Job-TYVRNG;Default;Default;Default;Default;Default;Default;Default;Default;Default;Default;Default;Default;Default;Default;Default;Default;Default;Default;Default;Default;Default;Default;Default;Default;Default;Default;Default;Default;Default;Default;Default;5;Default;1;Default;Default;Default;Default;Default;Default;Default;Default;"Job-TYVRNG(IterationCount=5, LaunchCount=1)";;1;Workload;Actual;2;252170000;64;3940156.25;0;0;0;72635
Compare.EfCoreInsert;Benchmark.Compare;Compare;EfCoreInsert;Job-TYVRNG;Default;Default;Default;Default;Default;Default;Default;Default;Default;Default;Default;Default;Default;Default;Default;Default;Default;Default;Default;Default;Default;Default;Default;Default;Default;Default;Default;Default;Default;Default;Default;5;Default;1;Default;Default;Default;Default;Default;Default;Default;Default;"Job-TYVRNG(IterationCount=5, LaunchCount=1)";;1;Workload;Actual;3;267772600;64;4183946.88;0;0;0;72635
Compare.EfCoreInsert;Benchmark.Compare;Compare;EfCoreInsert;Job-TYVRNG;Default;Default;Default;Default;Default;Default;Default;Default;Default;Default;Default;Default;Default;Default;Default;Default;Default;Default;Default;Default;Default;Default;Default;Default;Default;Default;Default;Default;Default;Default;Default;5;Default;1;Default;Default;Default;Default;Default;Default;Default;Default;"Job-TYVRNG(IterationCount=5, LaunchCount=1)";;1;Workload;Actual;4;272433200;64;4256768.75;0;0;0;72635
Compare.EfCoreInsert;Benchmark.Compare;Compare;EfCoreInsert;Job-TYVRNG;Default;Default;Default;Default;Default;Default;Default;Default;Default;Default;Default;Default;Default;Default;Default;Default;Default;Default;Default;Default;Default;Default;Default;Default;Default;Default;Default;Default;Default;Default;Default;5;Default;1;Default;Default;Default;Default;Default;Default;Default;Default;"Job-TYVRNG(IterationCount=5, LaunchCount=1)";;1;Workload;Actual;5;253286400;64;3957600;0;0;0;72635
Compare.EfCoreInsert;Benchmark.Compare;Compare;EfCoreInsert;Job-TYVRNG;Default;Default;Default;Default;Default;Default;Default;Default;Default;Default;Default;Default;Default;Default;Default;Default;Default;Default;Default;Default;Default;Default;Default;Default;Default;Default;Default;Default;Default;Default;Default;5;Default;1;Default;Default;Default;Default;Default;Default;Default;Default;"Job-TYVRNG(IterationCount=5, LaunchCount=1)";;1;Workload;Result;1;252170000;64;3940156.25;0;0;0;72635
Compare.EfCoreInsert;Benchmark.Compare;Compare;EfCoreInsert;Job-TYVRNG;Default;Default;Default;Default;Default;Default;Default;Default;Default;Default;Default;Default;Default;Default;Default;Default;Default;Default;Default;Default;Default;Default;Default;Default;Default;Default;Default;Default;Default;Default;Default;5;Default;1;Default;Default;Default;Default;Default;Default;Default;Default;"Job-TYVRNG(IterationCount=5, LaunchCount=1)";;1;Workload;Result;2;267772600;64;4183946.88;0;0;0;72635
Compare.EfCoreInsert;Benchmark.Compare;Compare;EfCoreInsert;Job-TYVRNG;Default;Default;Default;Default;Default;Default;Default;Default;Default;Default;Default;Default;Default;Default;Default;Default;Default;Default;Default;Default;Default;Default;Default;Default;Default;Default;Default;Default;Default;Default;Default;5;Default;1;Default;Default;Default;Default;Default;Default;Default;Default;"Job-TYVRNG(IterationCount=5, LaunchCount=1)";;1;Workload;Result;3;272433200;64;4256768.75;0;0;0;72635
Compare.EfCoreInsert;Benchmark.Compare;Compare;EfCoreInsert;Job-TYVRNG;Default;Default;Default;Default;Default;Default;Default;Default;Default;Default;Default;Default;Default;Default;Default;Default;Default;Default;Default;Default;Default;Default;Default;Default;Default;Default;Default;Default;Default;Default;Default;5;Default;1;Default;Default;Default;Default;Default;Default;Default;Default;"Job-TYVRNG(IterationCount=5, LaunchCount=1)";;1;Workload;Result;4;253286400;64;3957600;0;0;0;72635
